experiment_no,experiment_id,generated_at,dataset_fingerprint,champion_before,challenger_id,challenger_config_json,dev_champion_exact_nll,dev_challenger_exact_nll,dev_improvement,folds_won,worst_fold_regression,confirmation_run,confirmation_passed,audit_champion_exact_nll,audit_challenger_exact_nll,audit_improvement_report_only,decision,reason,champion_after
1,exp-0000001-d1b3cd2c9775,2026-08-22T12:14:24+09:00,d00cd33771798e2fda3b,champ-b7f02f6a077e,chal-d1b3cd2c9775,"{""evolution_rate"": 0.7, ""frequency_profile"": ""default"", ""half_life_draws"": 1500, ""lr_c"": 0.25, ""markov_blend"": 0.65, ""random_state"": 42, ""top_k"": 20, ""transition_window"": 1000, ""tree_estimators"": 320, ""tree_min_leaf"": 8, ""validation_draws"": 1000, ""weight_temperature"": 0.02}",6.914998166489912,6.915058592342773,-6.042585286092361e-05,2,0.0014351759642297,False,False,6.916760893010352,6.9169636782112685,-0.0002027852009165,REJECTED,rejected: development improvement/consistency threshold not met,champ-b7f02f6a077e
2,exp-0000002-719038cb9a39,2026-08-22T12:14:35+09:00,d00cd33771798e2fda3b,champ-b7f02f6a077e,chal-719038cb9a39,"{""evolution_rate"": 0.7, ""frequency_profile"": ""default"", ""half_life_draws"": 1500, ""lr_c"": 1.0, ""markov_blend"": 0.65, ""random_state"": 42, ""top_k"": 20, ""transition_window"": 1000, ""tree_estimators"": 240, ""tree_min_leaf"": 12, ""validation_draws"": 1000, ""weight_temperature"": 0.02}",6.914998166489912,6.920096264735295,-0.0050980982453827,0,0.007332852056705,False,False,6.916760893010352,6.916034313027595,0.0007265799827571,REJECTED,rejected: development improvement/consistency threshold not met,champ-b7f02f6a077e
3,exp-0000003-99e4bbaa0333,2026-08-22T12:14:45+09:00,d00cd33771798e2fda3b,champ-b7f02f6a077e,chal-99e4bbaa0333,"{""evolution_rate"": 0.7, ""frequency_profile"": ""recent"", ""half_life_draws"": 1500, ""lr_c"": 0.25, ""markov_blend"": 0.65, ""random_state"": 42, ""top_k"": 20, ""transition_window"": 1000, ""tree_estimators"": 240, ""tree_min_leaf"": 8, ""validation_draws"": 1000, ""weight_temperature"": 0.04}",6.914998166489912,6.919512092390708,-0.0045139259007953,0,0.0084364024519265,False,False,6.916760893010352,6.922305346675036,-0.005544453664684,REJECTED,rejected: development improvement/consistency threshold not met,champ-b7f02f6a077e
4,exp-0000004-ffe790fb5808,2026-08-22T12:14:51+09:00,d00cd33771798e2fda3b,champ-b7f02f6a077e,chal-ffe790fb5808,"{""evolution_rate"": 0.7, ""frequency_profile"": ""balanced"", ""half_life_draws"": 2000, ""lr_c"": 0.1, ""markov_blend"": 0.65, ""random_state"": 42, ""top_k"": 20, ""transition_window"": 1000, ""tree_estimators"": 240, ""tree_min_leaf"": 8, ""validation_draws"": 1000, ""weight_temperature"": 0.02}",6.914998166489912,6.922083019610429,-0.0070848531205163,0,0.0121650812153051,False,False,6.916760893010352,6.914047052565318,0.0027138404450335,REJECTED,rejected: development improvement/consistency threshold not met,champ-b7f02f6a077e
5,exp-0000005-90ef94a31b7e,2026-08-22T12:14:59+09:00,d00cd33771798e2fda3b,champ-b7f02f6a077e,chal-90ef94a31b7e,"{""evolution_rate"": 0.55, ""frequency_profile"": ""recent"", ""half_life_draws"": 1500, ""lr_c"": 0.25, ""markov_blend"": 0.65, ""random_state"": 42, ""top_k"": 20, ""transition_window"": 1000, ""tree_estimators"": 240, ""tree_min_leaf"": 8, ""validation_draws"": 1000, ""weight_temperature"": 0.02}",6.914998166489912,6.914417475238076,0.0005806912518364,2,0.0006122786683615,False,False,6.916760893010352,6.918576603752876,-0.001815710742524,REJECTED,rejected: development improvement/consistency threshold not met,champ-b7f02f6a077e
6,exp-0000006-004dc1a8c0f0,2026-08-22T12:15:08+09:00,d00cd33771798e2fda3b,champ-b7f02f6a077e,chal-004dc1a8c0f0,"{""evolution_rate"": 0.7, ""frequency_profile"": ""default"", ""half_life_draws"": 1500, ""lr_c"": 0.25, ""markov_blend"": 0.65, ""random_state"": 42, ""top_k"": 20, ""transition_window"": 1000, ""tree_estimators"": 180, ""tree_min_leaf"": 12, ""validation_draws"": 1000, ""weight_temperature"": 0.02}",6.914998166489912,6.920554551417822,-0.0055563849279094,0,0.0101451370218459,False,False,6.916760893010352,6.916795926852776,-3.5033842423537465e-05,REJECTED,rejected: development improvement/consistency threshold not met,champ-b7f02f6a077e
7,exp-0000007-eba66704d015,2026-08-22T12:15:18+09:00,d00cd33771798e2fda3b,champ-b7f02f6a077e,chal-eba66704d015,"{""evolution_rate"": 0.7, ""frequency_profile"": ""default"", ""half_life_draws"": 1500, ""lr_c"": 0.25, ""markov_blend"": 0.65, ""random_state"": 42, ""top_k"": 20, ""transition_window"": 500, ""tree_estimators"": 240, ""tree_min_leaf"": 4, ""validation_draws"": 1000, ""weight_temperature"": 0.02}",6.914998166489912,6.92510985539337,-0.010111688903458,0,0.0176503364252651,False,False,6.916760893010352,6.920474122850485,-0.003713229840133,REJECTED,rejected: development improvement/consistency threshold not met,champ-b7f02f6a077e
8,exp-0000008-cce4497f4bf2,2026-08-22T12:15:28+09:00,d00cd33771798e2fda3b,champ-b7f02f6a077e,chal-cce4497f4bf2,"{""evolution_rate"": 0.7, ""frequency_profile"": ""default"", ""half_life_draws"": 1500, ""lr_c"": 0.5, ""markov_blend"": 0.65, ""random_state"": 42, ""top_k"": 20, ""transition_window"": 1000, ""tree_estimators"": 240, ""tree_min_leaf"": 8, ""validation_draws"": 1000, ""weight_temperature"": 0.02}",6.914998166489912,6.914965273918871,3.2892571041109875e-05,2,1.1092813788415867e-05,False,False,6.916760893010352,6.9188499999414015,-0.0020891069310495,REJECTED,rejected: development improvement/consistency threshold not met,champ-b7f02f6a077e
9,exp-0000009-5c4ebf8f035b,2026-08-22T12:15:46+09:00,d00cd33771798e2fda3b,champ-b7f02f6a077e,chal-5c4ebf8f035b,"{""evolution_rate"": 0.7, ""frequency_profile"": ""default"", ""half_life_draws"": 1500, ""lr_c"": 0.5, ""markov_blend"": 0.65, ""random_state"": 42, ""top_k"": 20, ""transition_window"": 1000, ""tree_estimators"": 240, ""tree_min_leaf"": 8, ""validation_draws"": 1000, ""weight_temperature"": 0.01}",6.915115041709688,6.91301272113604,0.0021023205736483,2,0.0039305153691282,True,True,6.916760893010352,6.919173646423948,-0.002412753413596,PROMOTED,development folds improved on primary and confirmation seeds; final audit was not used for promotion,champ-5c4ebf8f035b
10,exp-0000010-f4ebd4f36bab,2026-08-22T12:17:01+09:00,d00cd33771798e2fda3b,champ-5c4ebf8f035b,chal-f4ebd4f36bab,"{""evolution_rate"": 0.55, ""frequency_profile"": ""default"", ""half_life_draws"": 1000, ""lr_c"": 0.5, ""markov_blend"": 0.65, ""random_state"": 42, ""top_k"": 20, ""transition_window"": 1000, ""tree_estimators"": 240, ""tree_min_leaf"": 8, ""validation_draws"": 1000, ""weight_temperature"": 0.01}",6.91314930508815,6.924755322029347,-0.0116060169411973,0,0.0140770486597325,False,False,6.919173646423948,6.92157378686032,-0.0024001404363724,REJECTED,rejected: development improvement/consistency threshold not met,champ-5c4ebf8f035b
11,exp-0000011-44bd52946598,2026-08-22T12:27:39+09:00,d00cd33771798e2fda3b,champ-5c4ebf8f035b,chal-44bd52946598,"{""evolution_rate"": 0.7, ""frequency_profile"": ""default"", ""half_life_draws"": 1500, ""lr_c"": 0.5, ""markov_blend"": 0.65, ""random_state"": 42, ""top_k"": 20, ""transition_window"": 1000, ""tree_estimators"": 180, ""tree_min_leaf"": 8, ""validation_draws"": 1000, ""weight_temperature"": 0.01}",6.91314930508815,6.915516957495832,-0.0023676524076821,0,0.0035436338003593,False,False,6.919173646423948,6.926480716765224,-0.0073070703412758,REJECTED,rejected: development improvement/consistency threshold not met,champ-5c4ebf8f035b
12,exp-0000012-b4fbafff873b,2026-08-22T12:27:53+09:00,d00cd33771798e2fda3b,champ-5c4ebf8f035b,chal-b4fbafff873b,"{""evolution_rate"": 0.7, ""frequency_profile"": ""default"", ""half_life_draws"": 1500, ""lr_c"": 0.5, ""markov_blend"": 0.65, ""random_state"": 42, ""top_k"": 20, ""transition_window"": 1000, ""tree_estimators"": 240, ""tree_min_leaf"": 4, ""validation_draws"": 1000, ""weight_temperature"": 0.01}",6.91314930508815,6.922696878059895,-0.0095475729717451,0,0.0169826623445903,False,False,6.919173646423948,6.92525157869277,-0.0060779322688224,REJECTED,rejected: development improvement/consistency threshold not met,champ-5c4ebf8f035b
13,exp-0000013-03981061c17e,2026-08-22T12:28:05+09:00,d00cd33771798e2fda3b,champ-5c4ebf8f035b,chal-03981061c17e,"{""evolution_rate"": 0.7, ""frequency_profile"": ""default"", ""half_life_draws"": 1000, ""lr_c"": 0.5, ""markov_blend"": 0.65, ""random_state"": 42, ""top_k"": 20, ""transition_window"": 1000, ""tree_estimators"": 240, ""tree_min_leaf"": 8, ""validation_draws"": 1000, ""weight_temperature"": 0.01}",6.91314930508815,6.924860155868916,-0.0117108507807657,0,0.0140582891964333,False,False,6.919173646423948,6.92189071882161,-0.0027170723976617,REJECTED,rejected: development improvement/consistency threshold not met,champ-5c4ebf8f035b
14,exp-0000014-540912cbfa7a,2026-08-22T12:28:15+09:00,d00cd33771798e2fda3b,champ-5c4ebf8f035b,chal-540912cbfa7a,"{""evolution_rate"": 0.7, ""frequency_profile"": ""default"", ""half_life_draws"": 1500, ""lr_c"": 0.5, ""markov_blend"": 0.65, ""random_state"": 42, ""top_k"": 20, ""transition_window"": 2000, ""tree_estimators"": 180, ""tree_min_leaf"": 8, ""validation_draws"": 1000, ""weight_temperature"": 0.01}",6.91314930508815,6.915307748782322,-0.0021584436941717,0,0.0033123484261334,False,False,6.919173646423948,6.92451505807192,-0.0053414116479721,REJECTED,rejected: development improvement/consistency threshold not met,champ-5c4ebf8f035b
15,exp-0000015-a5d5e1ac1ea1,2026-08-22T12:28:26+09:00,d00cd33771798e2fda3b,champ-5c4ebf8f035b,chal-a5d5e1ac1ea1,"{""evolution_rate"": 0.7, ""frequency_profile"": ""default"", ""half_life_draws"": 750, ""lr_c"": 0.5, ""markov_blend"": 0.65, ""random_state"": 42, ""top_k"": 20, ""transition_window"": 1000, ""tree_estimators"": 240, ""tree_min_leaf"": 4, ""validation_draws"": 1000, ""weight_temperature"": 0.02}",6.91314930508815,6.924452584628781,-0.0113032795406313,0,0.0162803060819216,False,False,6.919173646423948,6.921314028613587,-0.0021403821896388,REJECTED,rejected: development improvement/consistency threshold not met,champ-5c4ebf8f035b
16,exp-0000016-0300f2279f1d,2026-08-22T12:28:37+09:00,d00cd33771798e2fda3b,champ-5c4ebf8f035b,chal-0300f2279f1d,"{""evolution_rate"": 0.7, ""frequency_profile"": ""default"", ""half_life_draws"": 2000, ""lr_c"": 0.5, ""markov_blend"": 0.65, ""random_state"": 42, ""top_k"": 20, ""transition_window"": 500, ""tree_estimators"": 240, ""tree_min_leaf"": 4, ""validation_draws"": 1000, ""weight_temperature"": 0.01}",6.91314930508815,6.930828642496459,-0.0176793374083086,0,0.0337227957621708,False,False,6.919173646423948,6.925773556921145,-0.0065999104971972,REJECTED,rejected: development improvement/consistency threshold not met,champ-5c4ebf8f035b
17,exp-0000017-7d7e2069362d,2026-08-22T12:28:48+09:00,d00cd33771798e2fda3b,champ-5c4ebf8f035b,chal-7d7e2069362d,"{""evolution_rate"": 0.55, ""frequency_profile"": ""default"", ""half_life_draws"": 1500, ""lr_c"": 0.5, ""markov_blend"": 0.55, ""random_state"": 42, ""top_k"": 20, ""transition_window"": 1000, ""tree_estimators"": 240, ""tree_min_leaf"": 8, ""validation_draws"": 1000, ""weight_temperature"": 0.01}",6.91314930508815,6.912735720643666,0.0004135844444839,2,0.0005278430669095,False,False,6.919173646423948,6.920634630200238,-0.0014609837762904,REJECTED,rejected: development improvement/consistency threshold not met,champ-5c4ebf8f035b
18,exp-0000018-1a46fbc8c407,2026-08-22T12:28:58+09:00,d00cd33771798e2fda3b,champ-5c4ebf8f035b,chal-1a46fbc8c407,"{""evolution_rate"": 0.7, ""frequency_profile"": ""medium"", ""half_life_draws"": 1500, ""lr_c"": 0.5, ""markov_blend"": 0.65, ""random_state"": 42, ""top_k"": 20, ""transition_window"": 1000, ""tree_estimators"": 120, ""tree_min_leaf"": 8, ""validation_draws"": 1000, ""weight_temperature"": 0.01}",6.91314930508815,6.917707503685893,-0.0045581985977429,0,0.0090537799694683,False,False,6.919173646423948,6.928329206011031,-0.0091555595870831,REJECTED,rejected: development improvement/consistency threshold not met,champ-5c4ebf8f035b
19,exp-0000019-1f969b3c461e,2026-08-22T12:29:07+09:00,d00cd33771798e2fda3b,champ-5c4ebf8f035b,chal-1f969b3c461e,"{""evolution_rate"": 1.0, ""frequency_profile"": ""default"", ""half_life_draws"": 1500, ""lr_c"": 0.25, ""markov_blend"": 0.65, ""random_state"": 42, ""top_k"": 20, ""transition_window"": 1000, ""tree_estimators"": 240, ""tree_min_leaf"": 8, ""validation_draws"": 1000, ""weight_temperature"": 0.01}",6.91314930508815,6.912774156173932,0.0003751489142178,3,0.0,False,False,6.919173646423948,6.922081332000192,-0.0029076855762442,REJECTED,rejected: development improvement/consistency threshold not met,champ-5c4ebf8f035b
20,exp-0000020-46184b2c9ede,2026-08-22T12:29:17+09:00,d00cd33771798e2fda3b,champ-5c4ebf8f035b,chal-46184b2c9ede,"{""evolution_rate"": 0.7, ""frequency_profile"": ""default"", ""half_life_draws"": 1500, ""lr_c"": 0.1, ""markov_blend"": 0.65, ""random_state"": 42, ""top_k"": 20, ""transition_window"": 1000, ""tree_estimators"": 240, ""tree_min_leaf"": 8, ""validation_draws"": 1000, ""weight_temperature"": 0.01}",6.91314930508815,6.912911175809177,0.0002381292789728,3,0.0,False,False,6.919173646423948,6.921736712483991,-0.002563066060043,REJECTED,rejected: development improvement/consistency threshold not met,champ-5c4ebf8f035b
21,exp-0000021-8364958b2e00,2026-08-22T12:29:29+09:00,d00cd33771798e2fda3b,champ-5c4ebf8f035b,chal-8364958b2e00,"{""evolution_rate"": 0.7, ""frequency_profile"": ""recent"", ""half_life_draws"": 1500, ""lr_c"": 0.5, ""markov_blend"": 0.65, ""random_state"": 42, ""top_k"": 20, ""transition_window"": 1000, ""tree_estimators"": 240, ""tree_min_leaf"": 12, ""validation_draws"": 1000, ""weight_temperature"": 0.01}",6.91314930508815,6.918992702043792,-0.0058433969556421,1,0.0107168280883005,False,False,6.919173646423948,6.917044769538032,0.0021288768859157,REJECTED,rejected: development improvement/consistency threshold not met,champ-5c4ebf8f035b
22,exp-0000022-47118470f2ca,2026-08-22T12:29:42+09:00,d00cd33771798e2fda3b,champ-5c4ebf8f035b,chal-47118470f2ca,"{""evolution_rate"": 0.7, ""frequency_profile"": ""default"", ""half_life_draws"": 2000, ""lr_c"": 1.0, ""markov_blend"": 0.65, ""random_state"": 42, ""top_k"": 20, ""transition_window"": 1000, ""tree_estimators"": 240, ""tree_min_leaf"": 8, ""validation_draws"": 1000, ""weight_temperature"": 0.01}",6.91314930508815,6.923691406130938,-0.0105421010427875,0,0.0195283227815519,False,False,6.919173646423948,6.912733223932,0.0064404224919476,REJECTED,rejected: development improvement/consistency threshold not met,champ-5c4ebf8f035b
23,exp-0000023-a0cd8cd14977,2026-08-22T12:29:55+09:00,d00cd33771798e2fda3b,champ-5c4ebf8f035b,chal-a0cd8cd14977,"{""evolution_rate"": 0.7, ""frequency_profile"": ""recent"", ""half_life_draws"": 1500, ""lr_c"": 0.5, ""markov_blend"": 0.65, ""random_state"": 42, ""top_k"": 20, ""transition_window"": 1000, ""tree_estimators"": 320, ""tree_min_leaf"": 8, ""validation_draws"": 1000, ""weight_temperature"": 0.01}",6.91314930508815,6.913545598049869,-0.0003962929617191,2,0.0051605668885406,False,False,6.919173646423948,6.91970248958672,-0.0005288431627716,REJECTED,rejected: development improvement/consistency threshold not met,champ-5c4ebf8f035b
24,exp-0000024-5506a38cd1ce,2026-08-22T12:30:04+09:00,d00cd33771798e2fda3b,champ-5c4ebf8f035b,chal-5506a38cd1ce,"{""evolution_rate"": 0.7, ""frequency_profile"": ""default"", ""half_life_draws"": 1000, ""lr_c"": 0.5, ""markov_blend"": 0.65, ""random_state"": 42, ""top_k"": 20, ""transition_window"": 1000, ""tree_estimators"": 180, ""tree_min_leaf"": 8, ""validation_draws"": 1000, ""weight_temperature"": 0.01}",6.91314930508815,6.928522991828172,-0.0153736867400215,0,0.0163339307249614,False,False,6.919173646423948,6.920816624753584,-0.0016429783296363,REJECTED,rejected: development improvement/consistency threshold not met,champ-5c4ebf8f035b
25,exp-0000025-6640896eaff1,2026-08-22T12:30:16+09:00,d00cd33771798e2fda3b,champ-5c4ebf8f035b,chal-6640896eaff1,"{""evolution_rate"": 0.7, ""frequency_profile"": ""default"", ""half_life_draws"": 3000, ""lr_c"": 0.5, ""markov_blend"": 0.65, ""random_state"": 42, ""top_k"": 20, ""transition_window"": 1000, ""tree_estimators"": 180, ""tree_min_leaf"": 8, ""validation_draws"": 1000, ""weight_temperature"": 0.01}",6.91314930508815,6.921654803836804,-0.0085054987486543,0,0.0161617431920797,False,False,6.919173646423948,6.921104593047403,-0.0019309466234549,REJECTED,rejected: development improvement/consistency threshold not met,champ-5c4ebf8f035b
26,exp-0000026-3b1b357f064d,2026-08-22T12:30:26+09:00,d00cd33771798e2fda3b,champ-5c4ebf8f035b,chal-3b1b357f064d,"{""evolution_rate"": 0.7, ""frequency_profile"": ""default"", ""half_life_draws"": 1500, ""lr_c"": 0.25, ""markov_blend"": 0.65, ""random_state"": 42, ""top_k"": 20, ""transition_window"": 1000, ""tree_estimators"": 240, ""tree_min_leaf"": 8, ""validation_draws"": 1000, ""weight_temperature"": 0.01}",6.91314930508815,6.912865716420156,0.0002835886679939,3,0.0,False,False,6.919173646423948,6.921684930052221,-0.002511283628273,REJECTED,rejected: development improvement/consistency threshold not met,champ-5c4ebf8f035b
27,exp-0000027-4cc402949110,2026-08-22T12:30:37+09:00,d00cd33771798e2fda3b,champ-5c4ebf8f035b,chal-4cc402949110,"{""evolution_rate"": 0.55, ""frequency_profile"": ""default"", ""half_life_draws"": 1500, ""lr_c"": 0.5, ""markov_blend"": 0.65, ""random_state"": 42, ""top_k"": 20, ""transition_window"": 500, ""tree_estimators"": 240, ""tree_min_leaf"": 8, ""validation_draws"": 1000, ""weight_temperature"": 0.01}",6.91314930508815,6.9135742207127935,-0.0004249156246434,2,0.0052973059881864,False,False,6.919173646423948,6.92226086205974,-0.0030872156357917,REJECTED,rejected: development improvement/consistency threshold not met,champ-5c4ebf8f035b
28,exp-0000028-9a1e2e403144,2026-08-22T12:30:48+09:00,d00cd33771798e2fda3b,champ-5c4ebf8f035b,chal-9a1e2e403144,"{""evolution_rate"": 0.7, ""frequency_profile"": ""default"", ""half_life_draws"": 1500, ""lr_c"": 0.5, ""markov_blend"": 0.55, ""random_state"": 42, ""top_k"": 20, ""transition_window"": 1000, ""tree_estimators"": 240, ""tree_min_leaf"": 8, ""validation_draws"": 1000, ""weight_temperature"": 0.01}",6.91314930508815,6.912598733808966,0.0005505712791844,2,0.0003799386203402,False,False,6.919173646423948,6.921082130934358,-0.0019084845104098,REJECTED,rejected: development improvement/consistency threshold not met,champ-5c4ebf8f035b
29,exp-0000029-9c1c12056edf,2026-08-22T12:30:59+09:00,d00cd33771798e2fda3b,champ-5c4ebf8f035b,chal-9c1c12056edf,"{""evolution_rate"": 0.7, ""frequency_profile"": ""default"", ""half_life_draws"": 1500, ""lr_c"": 0.5, ""markov_blend"": 0.75, ""random_state"": 42, ""top_k"": 20, ""transition_window"": 1000, ""tree_estimators"": 240, ""tree_min_leaf"": 8, ""validation_draws"": 1000, ""weight_temperature"": 0.01}",6.91314930508815,6.913291738451484,-0.0001424333633339,2,0.0021340027693144,False,False,6.919173646423948,6.922514224197121,-0.0033405777731729,REJECTED,rejected: development improvement/consistency threshold not met,champ-5c4ebf8f035b
30,exp-0000030-91bf19e48127,2026-08-22T12:31:09+09:00,d00cd33771798e2fda3b,champ-5c4ebf8f035b,chal-91bf19e48127,"{""evolution_rate"": 0.55, ""frequency_profile"": ""default"", ""half_life_draws"": 1500, ""lr_c"": 0.5, ""markov_blend"": 0.65, ""random_state"": 42, ""top_k"": 20, ""transition_window"": 1000, ""tree_estimators"": 120, ""tree_min_leaf"": 8, ""validation_draws"": 1000, ""weight_temperature"": 0.01}",6.91314930508815,6.917542918463806,-0.0043936133756563,0,0.0064021575121815,False,False,6.919173646423948,6.928911116196028,-0.0097374697720802,REJECTED,rejected: development improvement/consistency threshold not met,champ-5c4ebf8f035b
31,exp-0000031-e62e94d1eced,2026-08-22T12:31:20+09:00,d00cd33771798e2fda3b,champ-5c4ebf8f035b,chal-e62e94d1eced,"{""evolution_rate"": 0.85, ""frequency_profile"": ""default"", ""half_life_draws"": 1500, ""lr_c"": 0.5, ""markov_blend"": 0.65, ""random_state"": 42, ""top_k"": 20, ""transition_window"": 1000, ""tree_estimators"": 240, ""tree_min_leaf"": 12, ""validation_draws"": 1000, ""weight_temperature"": 0.01}",6.91314930508815,6.918107241920695,-0.0049579368325449,1,0.0079427676741605,False,False,6.919173646423948,6.9166492477843695,0.0025243986395784,REJECTED,rejected: development improvement/consistency threshold not met,champ-5c4ebf8f035b
32,exp-0000032-192c54e9b27d,2026-08-22T12:31:30+09:00,d00cd33771798e2fda3b,champ-5c4ebf8f035b,chal-192c54e9b27d,"{""evolution_rate"": 0.7, ""frequency_profile"": ""default"", ""half_life_draws"": 1500, ""lr_c"": 0.5, ""markov_blend"": 0.65, ""random_state"": 42, ""top_k"": 20, ""transition_window"": 500, ""tree_estimators"": 240, ""tree_min_leaf"": 8, ""validation_draws"": 1000, ""weight_temperature"": 0.01}",6.91314930508815,6.9136258403331725,-0.0004765352450224,2,0.0052973059881864,False,False,6.919173646423948,6.922598988920629,-0.0034253424966808,REJECTED,rejected: development improvement/consistency threshold not met,champ-5c4ebf8f035b
33,exp-0000033-3d158b5aa547,2026-08-22T12:31:41+09:00,d00cd33771798e2fda3b,champ-5c4ebf8f035b,chal-3d158b5aa547,"{""evolution_rate"": 0.7, ""frequency_profile"": ""default"", ""half_life_draws"": 1000, ""lr_c"": 0.25, ""markov_blend"": 0.65, ""random_state"": 42, ""top_k"": 20, ""transition_window"": 1000, ""tree_estimators"": 240, ""tree_min_leaf"": 8, ""validation_draws"": 1000, ""weight_temperature"": 0.01}",6.91314930508815,6.924860349879008,-0.0117110447908581,0,0.0140585418089171,False,False,6.919173646423948,6.921891036234826,-0.0027173898108783,REJECTED,rejected: development improvement/consistency threshold not met,champ-5c4ebf8f035b
34,exp-0000034-6315d659a86d,2026-08-22T12:31:51+09:00,d00cd33771798e2fda3b,champ-5c4ebf8f035b,chal-6315d659a86d,"{""evolution_rate"": 0.55, ""frequency_profile"": ""default"", ""half_life_draws"": 1500, ""lr_c"": 0.5, ""markov_blend"": 0.65, ""random_state"": 42, ""top_k"": 20, ""transition_window"": 1000, ""tree_estimators"": 240, ""tree_min_leaf"": 8, ""validation_draws"": 1000, ""weight_temperature"": 0.01}",6.91314930508815,6.91294736996776,0.0002019351203905,3,0.0,False,False,6.919173646423948,6.921237805642209,-0.0020641592182606,REJECTED,rejected: development improvement/consistency threshold not met,champ-5c4ebf8f035b
35,exp-0000035-875f6ff9ee4d,2026-08-22T12:32:01+09:00,d00cd33771798e2fda3b,champ-5c4ebf8f035b,chal-875f6ff9ee4d,"{""evolution_rate"": 0.7, ""frequency_profile"": ""default"", ""half_life_draws"": 1500, ""lr_c"": 0.5, ""markov_blend"": 0.65, ""random_state"": 42, ""top_k"": 20, ""transition_window"": 2000, ""tree_estimators"": 240, ""tree_min_leaf"": 8, ""validation_draws"": 1000, ""weight_temperature"": 0.01}",6.91314930508815,6.912994313534792,0.0001549915533578,2,0.0010671929200958,False,False,6.919173646423948,6.920601497828119,-0.0014278514041707,REJECTED,rejected: development improvement/consistency threshold not met,champ-5c4ebf8f035b
36,exp-0000036-995ed5f8cb3d,2026-08-22T12:32:11+09:00,d00cd33771798e2fda3b,champ-5c4ebf8f035b,chal-995ed5f8cb3d,"{""evolution_rate"": 0.7, ""frequency_profile"": ""default"", ""half_life_draws"": 1500, ""lr_c"": 0.5, ""markov_blend"": 0.45, ""random_state"": 42, ""top_k"": 20, ""transition_window"": 1000, ""tree_estimators"": 120, ""tree_min_leaf"": 8, ""validation_draws"": 1000, ""weight_temperature"": 0.04}",6.91314930508815,6.922954627518952,-0.0098053224308021,0,0.0148143606628545,False,False,6.919173646423948,6.927411593183451,-0.008237946759503,REJECTED,rejected: development improvement/consistency threshold not met,champ-5c4ebf8f035b
37,exp-0000037-999889cc06f7,2026-08-22T12:32:23+09:00,d00cd33771798e2fda3b,champ-5c4ebf8f035b,chal-999889cc06f7,"{""evolution_rate"": 0.7, ""frequency_profile"": ""recent"", ""half_life_draws"": 1500, ""lr_c"": 0.5, ""markov_blend"": 0.65, ""random_state"": 42, ""top_k"": 20, ""transition_window"": 1000, ""tree_estimators"": 240, ""tree_min_leaf"": 8, ""validation_draws"": 1000, ""weight_temperature"": 0.01}",6.91314930508815,6.913663478835783,-0.000514173747633,2,0.0025514331871381,False,False,6.919173646423948,6.922932426750188,-0.0037587803262404,REJECTED,rejected: development improvement/consistency threshold not met,champ-5c4ebf8f035b
38,exp-0000038-fa59d60b79c4,2026-08-22T12:32:34+09:00,d00cd33771798e2fda3b,champ-5c4ebf8f035b,chal-fa59d60b79c4,"{""evolution_rate"": 0.7, ""frequency_profile"": ""default"", ""half_life_draws"": 1500, ""lr_c"": 0.5, ""markov_blend"": 0.55, ""random_state"": 42, ""top_k"": 20, ""transition_window"": 1000, ""tree_estimators"": 240, ""tree_min_leaf"": 12, ""validation_draws"": 1000, ""weight_temperature"": 0.01}",6.91314930508815,6.918025323168519,-0.0048760180803686,1,0.008773049544076,False,False,6.919173646423948,6.91606631926343,0.0031073271605182,REJECTED,rejected: development improvement/consistency threshold not met,champ-5c4ebf8f035b
39,exp-0000039-7a6e5e77f8d1,2026-08-22T12:32:45+09:00,d00cd33771798e2fda3b,champ-5c4ebf8f035b,chal-7a6e5e77f8d1,"{""evolution_rate"": 0.7, ""frequency_profile"": ""recent"", ""half_life_draws"": 1500, ""lr_c"": 0.5, ""markov_blend"": 0.65, ""random_state"": 42, ""top_k"": 20, ""transition_window"": 2000, ""tree_estimators"": 240, ""tree_min_leaf"": 8, ""validation_draws"": 1000, ""weight_temperature"": 0.01}",6.91314930508815,6.913340587620386,-0.0001912825322358,2,0.001294020611855,False,False,6.919173646423948,6.9212041518275145,-0.0020305054035665,REJECTED,rejected: development improvement/consistency threshold not met,champ-5c4ebf8f035b
40,exp-0000040-998ea1277d9a,2026-08-22T12:32:56+09:00,d00cd33771798e2fda3b,champ-5c4ebf8f035b,chal-998ea1277d9a,"{""evolution_rate"": 0.85, ""frequency_profile"": ""default"", ""half_life_draws"": 1500, ""lr_c"": 0.5, ""markov_blend"": 0.65, ""random_state"": 42, ""top_k"": 20, ""transition_window"": 1000, ""tree_estimators"": 240, ""tree_min_leaf"": 4, ""validation_draws"": 1000, ""weight_temperature"": 0.01}",6.91314930508815,6.922540838573056,-0.0093915334849059,0,0.0176765687239051,False,False,6.919173646423948,6.925887618874154,-0.0067139724502061,REJECTED,rejected: development improvement/consistency threshold not met,champ-5c4ebf8f035b
41,exp-0000041-1a23bf4db68f,2026-08-22T12:33:08+09:00,d00cd33771798e2fda3b,champ-5c4ebf8f035b,chal-1a23bf4db68f,"{""evolution_rate"": 0.7, ""frequency_profile"": ""default"", ""half_life_draws"": 1500, ""lr_c"": 0.5, ""markov_blend"": 0.65, ""random_state"": 42, ""top_k"": 20, ""transition_window"": 1000, ""tree_estimators"": 180, ""tree_min_leaf"": 4, ""validation_draws"": 1000, ""weight_temperature"": 0.01}",6.91314930508815,6.922716533752759,-0.0095672286646086,1,0.0187153389238678,False,False,6.919173646423948,6.93363378763137,-0.0144601412074223,REJECTED,rejected: development improvement/consistency threshold not met,champ-5c4ebf8f035b
42,exp-0000042-995da6bbb016,2026-08-22T12:33:17+09:00,d00cd33771798e2fda3b,champ-5c4ebf8f035b,chal-995da6bbb016,"{""evolution_rate"": 0.7, ""frequency_profile"": ""default"", ""half_life_draws"": 1000, ""lr_c"": 0.5, ""markov_blend"": 0.65, ""random_state"": 42, ""top_k"": 20, ""transition_window"": 1000, ""tree_estimators"": 120, ""tree_min_leaf"": 8, ""validation_draws"": 1000, ""weight_temperature"": 0.01}",6.91314930508815,6.926052854399667,-0.0129035493115168,0,0.0202179341264399,False,False,6.919173646423948,6.928819522012769,-0.0096458755888209,REJECTED,rejected: development improvement/consistency threshold not met,champ-5c4ebf8f035b
43,exp-0000043-add038b852ef,2026-08-22T12:33:28+09:00,d00cd33771798e2fda3b,champ-5c4ebf8f035b,chal-add038b852ef,"{""evolution_rate"": 0.85, ""frequency_profile"": ""default"", ""half_life_draws"": 1500, ""lr_c"": 0.5, ""markov_blend"": 0.65, ""random_state"": 42, ""top_k"": 20, ""transition_window"": 1000, ""tree_estimators"": 240, ""tree_min_leaf"": 8, ""validation_draws"": 1000, ""weight_temperature"": 0.01}",6.91314930508815,6.912808766552978,0.0003405385351724,3,0.0,False,False,6.919173646423948,6.921965956923684,-0.0027923104997364,REJECTED,rejected: development improvement/consistency threshold not met,champ-5c4ebf8f035b
44,exp-0000044-197a06eb6b81,2026-08-22T12:33:42+09:00,d00cd33771798e2fda3b,champ-5c4ebf8f035b,chal-197a06eb6b81,"{""evolution_rate"": 0.7, ""frequency_profile"": ""default"", ""half_life_draws"": 1500, ""lr_c"": 1.0, ""markov_blend"": 0.65, ""random_state"": 42, ""top_k"": 20, ""transition_window"": 500, ""tree_estimators"": 240, ""tree_min_leaf"": 8, ""validation_draws"": 1000, ""weight_temperature"": 0.01}",6.91314930508815,6.913625806337695,-0.0004765012495449,2,0.0052972747921939,False,False,6.919173646423948,6.922598952480448,-0.0034253060565001,REJECTED,rejected: development improvement/consistency threshold not met,champ-5c4ebf8f035b
45,exp-0000045-b9950c99d6ed,2026-08-22T12:33:53+09:00,d00cd33771798e2fda3b,champ-5c4ebf8f035b,chal-b9950c99d6ed,"{""evolution_rate"": 0.85, ""frequency_profile"": ""default"", ""half_life_draws"": 2000, ""lr_c"": 0.5, ""markov_blend"": 0.65, ""random_state"": 42, ""top_k"": 20, ""transition_window"": 1000, ""tree_estimators"": 240, ""tree_min_leaf"": 8, ""validation_draws"": 1000, ""weight_temperature"": 0.01}",6.91314930508815,6.923903048692307,-0.0107537436041571,0,0.0200295260340128,False,False,6.919173646423948,6.912779098860609,0.0063945475633389,REJECTED,rejected: development improvement/consistency threshold not met,champ-5c4ebf8f035b
46,exp-0000046-84197edbf764,2026-08-22T12:34:06+09:00,d00cd33771798e2fda3b,champ-5c4ebf8f035b,chal-84197edbf764,"{""evolution_rate"": 0.55, ""frequency_profile"": ""default"", ""half_life_draws"": 500, ""lr_c"": 0.5, ""markov_blend"": 0.65, ""random_state"": 42, ""top_k"": 20, ""transition_window"": 1000, ""tree_estimators"": 240, ""tree_min_leaf"": 8, ""validation_draws"": 1000, ""weight_temperature"": 0.01}",6.91314930508815,6.936146829983891,-0.0229975248957412,0,0.0369913755667932,False,False,6.919173646423948,6.939557581034565,-0.0203839346106171,REJECTED,rejected: development improvement/consistency threshold not met,champ-5c4ebf8f035b
47,exp-0000047-f06ce8587cc0,2026-08-22T12:34:18+09:00,d00cd33771798e2fda3b,champ-5c4ebf8f035b,chal-f06ce8587cc0,"{""evolution_rate"": 1.0, ""frequency_profile"": ""default"", ""half_life_draws"": 1500, ""lr_c"": 0.5, ""markov_blend"": 0.55, ""random_state"": 42, ""top_k"": 20, ""transition_window"": 1000, ""tree_estimators"": 240, ""tree_min_leaf"": 8, ""validation_draws"": 1000, ""weight_temperature"": 0.01}",6.91314930508815,6.912423812838871,0.0007254922492787,2,9.94941634129276e-05,False,False,6.919173646423948,6.921484298334128,-0.0023106519101796,REJECTED,rejected: development improvement/consistency threshold not met,champ-5c4ebf8f035b
48,exp-0000048-583ffbe1e194,2026-08-22T12:34:28+09:00,d00cd33771798e2fda3b,champ-5c4ebf8f035b,chal-583ffbe1e194,"{""evolution_rate"": 0.7, ""frequency_profile"": ""default"", ""half_life_draws"": 1500, ""lr_c"": 0.5, ""markov_blend"": 0.65, ""random_state"": 42, ""top_k"": 20, ""transition_window"": 1000, ""tree_estimators"": 240, ""tree_min_leaf"": 12, ""validation_draws"": 1000, ""weight_temperature"": 0.01}",6.91314930508815,6.918208451299345,-0.0050591462111952,1,0.0079344879607647,False,False,6.919173646423948,6.916387323703415,0.0027863227205333,REJECTED,rejected: development improvement/consistency threshold not met,champ-5c4ebf8f035b
49,exp-0000049-8851e7279bc4,2026-08-22T12:34:42+09:00,d00cd33771798e2fda3b,champ-5c4ebf8f035b,chal-8851e7279bc4,"{""evolution_rate"": 0.7, ""frequency_profile"": ""default"", ""half_life_draws"": 3000, ""lr_c"": 0.5, ""markov_blend"": 0.65, ""random_state"": 42, ""top_k"": 20, ""transition_window"": 1000, ""tree_estimators"": 240, ""tree_min_leaf"": 8, ""validation_draws"": 1000, ""weight_temperature"": 0.01}",6.91314930508815,6.916831185260874,-0.0036818801727243,1,0.009032410015183,False,False,6.919173646423948,6.92064369360811,-0.0014700471841617,REJECTED,rejected: development improvement/consistency threshold not met,champ-5c4ebf8f035b
50,exp-0000050-a8aa1adbbf36,2026-08-22T12:34:56+09:00,d00cd33771798e2fda3b,champ-5c4ebf8f035b,chal-a8aa1adbbf36,"{""evolution_rate"": 0.85, ""frequency_profile"": ""default"", ""half_life_draws"": 1500, ""lr_c"": 1.0, ""markov_blend"": 0.65, ""random_state"": 42, ""top_k"": 20, ""transition_window"": 1000, ""tree_estimators"": 240, ""tree_min_leaf"": 8, ""validation_draws"": 1000, ""weight_temperature"": 0.01}",6.91314930508815,6.91280873430568,0.0003405707824697,3,0.0,False,False,6.919173646423948,6.921965928441973,-0.0027922820180252,REJECTED,rejected: development improvement/consistency threshold not met,champ-5c4ebf8f035b
51,exp-0000051-cd131801f4b2,2026-08-22T12:35:09+09:00,d00cd33771798e2fda3b,champ-5c4ebf8f035b,chal-cd131801f4b2,"{""evolution_rate"": 0.7, ""frequency_profile"": ""recent"", ""half_life_draws"": 1500, ""lr_c"": 0.5, ""markov_blend"": 0.55, ""random_state"": 42, ""top_k"": 20, ""transition_window"": 1000, ""tree_estimators"": 240, ""tree_min_leaf"": 8, ""validation_draws"": 1000, ""weight_temperature"": 0.01}",6.91314930508815,6.912973720629775,0.0001755844583746,2,0.0007903556684878,False,False,6.919173646423948,6.922406451908119,-0.0032328054841705,REJECTED,rejected: development improvement/consistency threshold not met,champ-5c4ebf8f035b
52,exp-0000052-dc63cb4d6632,2026-08-22T12:35:21+09:00,d00cd33771798e2fda3b,champ-5c4ebf8f035b,chal-dc63cb4d6632,"{""evolution_rate"": 0.7, ""frequency_profile"": ""default"", ""half_life_draws"": 1500, ""lr_c"": 0.5, ""markov_blend"": 0.65, ""random_state"": 42, ""top_k"": 20, ""transition_window"": 500, ""tree_estimators"": 240, ""tree_min_leaf"": 4, ""validation_draws"": 1000, ""weight_temperature"": 0.01}",6.91314930508815,6.924230578881937,-0.0110812737937866,0,0.0159825425900876,False,False,6.919173646423948,6.927003777794462,-0.0078301313705138,REJECTED,rejected: development improvement/consistency threshold not met,champ-5c4ebf8f035b
53,exp-0000053-00e0a8e685dc,2026-08-22T12:35:35+09:00,d00cd33771798e2fda3b,champ-5c4ebf8f035b,chal-00e0a8e685dc,"{""evolution_rate"": 0.7, ""frequency_profile"": ""default"", ""half_life_draws"": 1500, ""lr_c"": 1.0, ""markov_blend"": 0.65, ""random_state"": 42, ""top_k"": 20, ""transition_window"": 1000, ""tree_estimators"": 240, ""tree_min_leaf"": 8, ""validation_draws"": 1000, ""weight_temperature"": 0.02}",6.91314930508815,6.914770823398779,-0.0016215183106291,1,0.005570970429118,False,False,6.919173646423948,6.91881924624983,0.0003544001741175,REJECTED,rejected: development improvement/consistency threshold not met,champ-5c4ebf8f035b
54,exp-0000054-c43d242b3252,2026-08-22T12:35:46+09:00,d00cd33771798e2fda3b,champ-5c4ebf8f035b,chal-c43d242b3252,"{""evolution_rate"": 0.7, ""frequency_profile"": ""default"", ""half_life_draws"": 1500, ""lr_c"": 0.25, ""markov_blend"": 0.65, ""random_state"": 42, ""top_k"": 20, ""transition_window"": 1000, ""tree_estimators"": 180, ""tree_min_leaf"": 8, ""validation_draws"": 1000, ""weight_temperature"": 0.01}",6.91314930508815,6.915517445599316,-0.0023681405111659,0,0.0035440471935999,False,False,6.919173646423948,6.926481273651045,-0.0073076272270968,REJECTED,rejected: development improvement/consistency threshold not met,champ-5c4ebf8f035b
55,exp-0000055-fda387237a02,2026-08-22T12:35:58+09:00,d00cd33771798e2fda3b,champ-5c4ebf8f035b,chal-fda387237a02,"{""evolution_rate"": 0.7, ""frequency_profile"": ""default"", ""half_life_draws"": 1500, ""lr_c"": 0.5, ""markov_blend"": 0.65, ""random_state"": 42, ""top_k"": 20, ""transition_window"": 1000, ""tree_estimators"": 240, ""tree_min_leaf"": 4, ""validation_draws"": 1000, ""weight_temperature"": 0.02}",6.91314930508815,6.924699081200252,-0.0115497761121021,0,0.0184254042761757,False,False,6.919173646423948,6.922305854164983,-0.0031322077410349,REJECTED,rejected: development improvement/consistency threshold not met,champ-5c4ebf8f035b
56,exp-0000056-af0d379661e6,2026-08-22T12:36:11+09:00,d00cd33771798e2fda3b,champ-5c4ebf8f035b,chal-af0d379661e6,"{""evolution_rate"": 0.7, ""frequency_profile"": ""default"", ""half_life_draws"": 1500, ""lr_c"": 0.5, ""markov_blend"": 0.55, ""random_state"": 42, ""top_k"": 20, ""transition_window"": 1000, ""tree_estimators"": 240, ""tree_min_leaf"": 4, ""validation_draws"": 1000, ""weight_temperature"": 0.01}",6.91314930508815,6.923308470857009,-0.0101591657688588,0,0.0167142770178703,False,False,6.919173646423948,6.924334716082354,-0.0051610696584063,REJECTED,rejected: development improvement/consistency threshold not met,champ-5c4ebf8f035b
57,exp-0000057-fccc5aeea06a,2026-08-22T12:36:23+09:00,d00cd33771798e2fda3b,champ-5c4ebf8f035b,chal-fccc5aeea06a,"{""evolution_rate"": 0.7, ""frequency_profile"": ""default"", ""half_life_draws"": 1500, ""lr_c"": 0.25, ""markov_blend"": 0.65, ""random_state"": 42, ""top_k"": 20, ""transition_window"": 1000, ""tree_estimators"": 240, ""tree_min_leaf"": 8, ""validation_draws"": 1000, ""weight_temperature"": 0.04}",6.91314930508815,6.919331792955532,-0.0061824878673819,1,0.0123954053830797,False,False,6.919173646423948,6.922456361819399,-0.0032827153954508,REJECTED,rejected: development improvement/consistency threshold not met,champ-5c4ebf8f035b
58,exp-0000058-da9199b3f62c,2026-08-22T12:36:36+09:00,d00cd33771798e2fda3b,champ-5c4ebf8f035b,chal-da9199b3f62c,"{""evolution_rate"": 0.4, ""frequency_profile"": ""default"", ""half_life_draws"": 1500, ""lr_c"": 0.5, ""markov_blend"": 0.55, ""random_state"": 42, ""top_k"": 20, ""transition_window"": 1000, ""tree_estimators"": 240, ""tree_min_leaf"": 8, ""validation_draws"": 1000, ""weight_temperature"": 0.01}",6.91314930508815,6.912914225991976,0.000235079096174,1,0.0006808698836282,False,False,6.919173646423948,6.920068883574878,-0.0008952371509298,REJECTED,rejected: development improvement/consistency threshold not met,champ-5c4ebf8f035b
59,exp-0000059-8eac8a9d74e7,2026-08-22T12:36:48+09:00,d00cd33771798e2fda3b,champ-5c4ebf8f035b,chal-8eac8a9d74e7,"{""evolution_rate"": 0.4, ""frequency_profile"": ""medium"", ""half_life_draws"": 1500, ""lr_c"": 0.5, ""markov_blend"": 0.65, ""random_state"": 42, ""top_k"": 20, ""transition_window"": 1000, ""tree_estimators"": 240, ""tree_min_leaf"": 8, ""validation_draws"": 1000, ""weight_temperature"": 0.02}",6.91314930508815,6.9167811947242654,-0.0036318896361153,1,0.0098291719655865,False,False,6.919173646423948,6.920801752072488,-0.0016281056485398,REJECTED,rejected: development improvement/consistency threshold not met,champ-5c4ebf8f035b
60,exp-0000060-b06e67093304,2026-08-22T12:36:58+09:00,d00cd33771798e2fda3b,champ-5c4ebf8f035b,chal-b06e67093304,"{""evolution_rate"": 0.85, ""frequency_profile"": ""default"", ""half_life_draws"": 1500, ""lr_c"": 0.5, ""markov_blend"": 0.75, ""random_state"": 42, ""top_k"": 20, ""transition_window"": 1000, ""tree_estimators"": 240, ""tree_min_leaf"": 8, ""validation_draws"": 1000, ""weight_temperature"": 0.01}",6.91314930508815,6.913281421045439,-0.0001321159572889,2,0.0021340027693144,False,False,6.919173646423948,6.9227787617193135,-0.0036051152953655,REJECTED,rejected: development improvement/consistency threshold not met,champ-5c4ebf8f035b
61,exp-0000061-3bc030dac9ea,2026-08-22T12:37:11+09:00,d00cd33771798e2fda3b,champ-5c4ebf8f035b,chal-3bc030dac9ea,"{""evolution_rate"": 0.4, ""frequency_profile"": ""default"", ""half_life_draws"": 1500, ""lr_c"": 0.5, ""markov_blend"": 0.45, ""random_state"": 42, ""top_k"": 20, ""transition_window"": 500, ""tree_estimators"": 240, ""tree_min_leaf"": 8, ""validation_draws"": 1000, ""weight_temperature"": 0.01}",6.91314930508815,6.912735645857143,0.0004136592310075,2,0.0021294401215987,False,False,6.919173646423948,6.919600177615164,-0.0004265311912163,REJECTED,rejected: development improvement/consistency threshold not met,champ-5c4ebf8f035b
62,exp-0000062-a56396615410,2026-08-22T12:37:21+09:00,d00cd33771798e2fda3b,champ-5c4ebf8f035b,chal-a56396615410,"{""evolution_rate"": 0.7, ""frequency_profile"": ""default"", ""half_life_draws"": 2000, ""lr_c"": 0.5, ""markov_blend"": 0.65, ""random_state"": 42, ""top_k"": 20, ""transition_window"": 1000, ""tree_estimators"": 180, ""tree_min_leaf"": 8, ""validation_draws"": 1000, ""weight_temperature"": 0.01}",6.91314930508815,6.920961793635054,-0.0078124885469037,0,0.0180340212614877,False,False,6.919173646423948,6.915392235758326,0.0037814106656215,REJECTED,rejected: development improvement/consistency threshold not met,champ-5c4ebf8f035b
63,exp-0000063-d4e308a74216,2026-08-22T12:37:33+09:00,d00cd33771798e2fda3b,champ-5c4ebf8f035b,chal-d4e308a74216,"{""evolution_rate"": 0.7, ""frequency_profile"": ""recent"", ""half_life_draws"": 1500, ""lr_c"": 1.0, ""markov_blend"": 0.55, ""random_state"": 42, ""top_k"": 20, ""transition_window"": 1000, ""tree_estimators"": 180, ""tree_min_leaf"": 8, ""validation_draws"": 1000, ""weight_temperature"": 0.01}",6.91314930508815,6.9158137155810095,-0.0026644104928594,0,0.0046790895438411,False,False,6.919173646423948,6.927489652273738,-0.0083160058497897,REJECTED,rejected: development improvement/consistency threshold not met,champ-5c4ebf8f035b
64,exp-0000064-2a741e221568,2026-08-22T12:37:43+09:00,d00cd33771798e2fda3b,champ-5c4ebf8f035b,chal-2a741e221568,"{""evolution_rate"": 0.7, ""frequency_profile"": ""recent"", ""half_life_draws"": 2000, ""lr_c"": 0.5, ""markov_blend"": 0.65, ""random_state"": 42, ""top_k"": 20, ""transition_window"": 1000, ""tree_estimators"": 240, ""tree_min_leaf"": 8, ""validation_draws"": 1000, ""weight_temperature"": 0.01}",6.91314930508815,6.925024592003864,-0.0118752869157141,0,0.0209804564459874,False,False,6.919173646423948,6.913391060481263,0.0057825859426854,REJECTED,rejected: development improvement/consistency threshold not met,champ-5c4ebf8f035b
65,exp-0000065-f07e940b5e3b,2026-08-22T12:37:53+09:00,d00cd33771798e2fda3b,champ-5c4ebf8f035b,chal-f07e940b5e3b,"{""evolution_rate"": 0.7, ""frequency_profile"": ""default"", ""half_life_draws"": 1500, ""lr_c"": 0.5, ""markov_blend"": 0.65, ""random_state"": 42, ""top_k"": 20, ""transition_window"": 1000, ""tree_estimators"": 180, ""tree_min_leaf"": 12, ""validation_draws"": 1000, ""weight_temperature"": 0.01}",6.91314930508815,6.919277199491693,-0.0061278944035425,0,0.0120907604200022,False,False,6.919173646423948,6.9175543970642375,0.0016192493597104,REJECTED,rejected: development improvement/consistency threshold not met,champ-5c4ebf8f035b
66,exp-0000066-d6f1bef4514d,2026-08-22T12:38:04+09:00,d00cd33771798e2fda3b,champ-5c4ebf8f035b,chal-d6f1bef4514d,"{""evolution_rate"": 0.7, ""frequency_profile"": ""recent"", ""half_life_draws"": 1000, ""lr_c"": 0.5, ""markov_blend"": 0.65, ""random_state"": 42, ""top_k"": 20, ""transition_window"": 1000, ""tree_estimators"": 240, ""tree_min_leaf"": 8, ""validation_draws"": 1000, ""weight_temperature"": 0.01}",6.91314930508815,6.9270797391030605,-0.0139304340149104,0,0.0186460997396356,False,False,6.919173646423948,6.923350771550805,-0.0041771251268567,REJECTED,rejected: development improvement/consistency threshold not met,champ-5c4ebf8f035b
67,exp-0000067-c1cf6c6854bf,2026-08-22T12:38:14+09:00,d00cd33771798e2fda3b,champ-5c4ebf8f035b,chal-c1cf6c6854bf,"{""evolution_rate"": 1.0, ""frequency_profile"": ""default"", ""half_life_draws"": 1500, ""lr_c"": 0.5, ""markov_blend"": 0.65, ""random_state"": 42, ""top_k"": 20, ""transition_window"": 500, ""tree_estimators"": 240, ""tree_min_leaf"": 8, ""validation_draws"": 1000, ""weight_temperature"": 0.01}",6.91314930508815,6.9137554632568055,-0.0006061581686553,2,0.0052973059881864,False,False,6.919173646423948,6.922742487773,-0.0035688413490522,REJECTED,rejected: development improvement/consistency threshold not met,champ-5c4ebf8f035b
68,exp-0000068-9ad0ba7ea48d,2026-08-22T12:38:24+09:00,d00cd33771798e2fda3b,champ-5c4ebf8f035b,chal-9ad0ba7ea48d,"{""evolution_rate"": 0.7, ""frequency_profile"": ""default"", ""half_life_draws"": 750, ""lr_c"": 0.5, ""markov_blend"": 0.65, ""random_state"": 42, ""top_k"": 20, ""transition_window"": 1000, ""tree_estimators"": 240, ""tree_min_leaf"": 4, ""validation_draws"": 1000, ""weight_temperature"": 0.01}",6.91314930508815,6.92583561143761,-0.0126863063494599,0,0.0215263706108457,False,False,6.919173646423948,6.925860733666699,-0.0066870872427511,REJECTED,rejected: development improvement/consistency threshold not met,champ-5c4ebf8f035b
69,exp-0000069-61e49269630c,2026-08-22T12:38:36+09:00,d00cd33771798e2fda3b,champ-5c4ebf8f035b,chal-61e49269630c,"{""evolution_rate"": 0.7, ""frequency_profile"": ""default"", ""half_life_draws"": 1500, ""lr_c"": 0.5, ""markov_blend"": 0.65, ""random_state"": 42, ""top_k"": 20, ""transition_window"": 1000, ""tree_estimators"": 320, ""tree_min_leaf"": 8, ""validation_draws"": 1000, ""weight_temperature"": 0.01}",6.91314930508815,6.912908917066933,0.0002403880212167,2,0.002482177007649,False,False,6.919173646423948,6.918697312650438,0.00047633377351,REJECTED,rejected: development improvement/consistency threshold not met,champ-5c4ebf8f035b
70,exp-0000070-843b520c7b1a,2026-08-22T12:38:47+09:00,d00cd33771798e2fda3b,champ-5c4ebf8f035b,chal-843b520c7b1a,"{""evolution_rate"": 0.7, ""frequency_profile"": ""default"", ""half_life_draws"": 1500, ""lr_c"": 0.5, ""markov_blend"": 0.45, ""random_state"": 42, ""top_k"": 20, ""transition_window"": 300, ""tree_estimators"": 240, ""tree_min_leaf"": 8, ""validation_draws"": 1000, ""weight_temperature"": 0.01}",6.91314930508815,6.9139440869863975,-0.0007947818982474,1,0.0042564822702031,False,False,6.919173646423948,6.922309244331572,-0.0031355979076241,REJECTED,rejected: development improvement/consistency threshold not met,champ-5c4ebf8f035b
71,exp-0000071-97b636a13b64,2026-08-22T12:38:59+09:00,d00cd33771798e2fda3b,champ-5c4ebf8f035b,chal-97b636a13b64,"{""evolution_rate"": 0.7, ""frequency_profile"": ""default"", ""half_life_draws"": 1000, ""lr_c"": 0.5, ""markov_blend"": 0.65, ""random_state"": 42, ""top_k"": 20, ""transition_window"": 1000, ""tree_estimators"": 240, ""tree_min_leaf"": 8, ""validation_draws"": 1000, ""weight_temperature"": 0.02}",6.91314930508815,6.923249169366609,-0.0100998642784588,0,0.0136833334141801,False,False,6.919173646423948,6.919543843177464,-0.0003701967535159,REJECTED,rejected: development improvement/consistency threshold not met,champ-5c4ebf8f035b
72,exp-0000072-21af5b192081,2026-08-22T12:39:11+09:00,d00cd33771798e2fda3b,champ-5c4ebf8f035b,chal-21af5b192081,"{""evolution_rate"": 0.7, ""frequency_profile"": ""default"", ""half_life_draws"": 1500, ""lr_c"": 0.5, ""markov_blend"": 0.65, ""random_state"": 42, ""top_k"": 20, ""transition_window"": 1000, ""tree_estimators"": 320, ""tree_min_leaf"": 4, ""validation_draws"": 1000, ""weight_temperature"": 0.01}",6.91314930508815,6.921503028971986,-0.008353723883836,0,0.0159175726607205,False,False,6.919173646423948,6.925365822550828,-0.0061921761268797,REJECTED,rejected: development improvement/consistency threshold not met,champ-5c4ebf8f035b
73,exp-0000073-a12429b20754,2026-08-22T12:39:22+09:00,d00cd33771798e2fda3b,champ-5c4ebf8f035b,chal-a12429b20754,"{""evolution_rate"": 0.7, ""frequency_profile"": ""default"", ""half_life_draws"": 1500, ""lr_c"": 0.5, ""markov_blend"": 0.55, ""random_state"": 42, ""top_k"": 20, ""transition_window"": 300, ""tree_estimators"": 320, ""tree_min_leaf"": 8, ""validation_draws"": 1000, ""weight_temperature"": 0.01}",6.91314930508815,6.913946798762303,-0.0007974936741526,2,0.0078437654688974,False,False,6.919173646423948,6.919961065379413,-0.0007874189554648,REJECTED,rejected: development improvement/consistency threshold not met,champ-5c4ebf8f035b
74,exp-0000074-ffb7345c3c07,2026-08-22T12:39:33+09:00,d00cd33771798e2fda3b,champ-5c4ebf8f035b,chal-ffb7345c3c07,"{""evolution_rate"": 0.7, ""frequency_profile"": ""balanced"", ""half_life_draws"": 1500, ""lr_c"": 0.5, ""markov_blend"": 0.55, ""random_state"": 42, ""top_k"": 20, ""transition_window"": 1000, ""tree_estimators"": 120, ""tree_min_leaf"": 8, ""validation_draws"": 1000, ""weight_temperature"": 0.08}",6.91314930508815,6.9220091928202025,-0.0088598877320524,1,0.0147649725520908,False,False,6.919173646423948,6.926609230084117,-0.0074355836601691,REJECTED,rejected: development improvement/consistency threshold not met,champ-5c4ebf8f035b
75,exp-0000075-b85bcda41484,2026-08-22T12:39:45+09:00,d00cd33771798e2fda3b,champ-5c4ebf8f035b,chal-b85bcda41484,"{""evolution_rate"": 0.7, ""frequency_profile"": ""balanced"", ""half_life_draws"": 1500, ""lr_c"": 1.0, ""markov_blend"": 0.65, ""random_state"": 42, ""top_k"": 20, ""transition_window"": 1000, ""tree_estimators"": 240, ""tree_min_leaf"": 8, ""validation_draws"": 1000, ""weight_temperature"": 0.01}",6.91314930508815,6.912917969950715,0.0002313351374354,2,0.0028117626251642,False,False,6.919173646423948,6.91939019220519,-0.0002165457812424,REJECTED,rejected: development improvement/consistency threshold not met,champ-5c4ebf8f035b
76,exp-0000076-d00a9eef79db,2026-08-22T12:39:57+09:00,d00cd33771798e2fda3b,champ-5c4ebf8f035b,chal-d00a9eef79db,"{""evolution_rate"": 0.7, ""frequency_profile"": ""default"", ""half_life_draws"": 1500, ""lr_c"": 0.5, ""markov_blend"": 0.65, ""random_state"": 42, ""top_k"": 20, ""transition_window"": 1000, ""tree_estimators"": 320, ""tree_min_leaf"": 8, ""validation_draws"": 1000, ""weight_temperature"": 0.02}",6.91314930508815,6.914875051282828,-0.001725746194678,1,0.0049020792150731,False,False,6.919173646423948,6.916853281919902,0.0023203645040457,REJECTED,rejected: development improvement/consistency threshold not met,champ-5c4ebf8f035b
77,exp-0000077-57db1362eebe,2026-08-22T12:40:08+09:00,d00cd33771798e2fda3b,champ-5c4ebf8f035b,chal-57db1362eebe,"{""evolution_rate"": 0.55, ""frequency_profile"": ""default"", ""half_life_draws"": 1500, ""lr_c"": 0.5, ""markov_blend"": 0.65, ""random_state"": 42, ""top_k"": 20, ""transition_window"": 1000, ""tree_estimators"": 240, ""tree_min_leaf"": 8, ""validation_draws"": 1000, ""weight_temperature"": 0.02}",6.91314930508815,6.91504665147682,-0.0018973463886702,1,0.0057394097373348,False,False,6.919173646423948,6.918912521771414,0.0002611246525336,REJECTED,rejected: development improvement/consistency threshold not met,champ-5c4ebf8f035b
78,exp-0000078-9d3400c557f8,2026-08-22T12:40:19+09:00,d00cd33771798e2fda3b,champ-5c4ebf8f035b,chal-9d3400c557f8,"{""evolution_rate"": 0.7, ""frequency_profile"": ""default"", ""half_life_draws"": 1000, ""lr_c"": 0.5, ""markov_blend"": 0.55, ""random_state"": 42, ""top_k"": 20, ""transition_window"": 1000, ""tree_estimators"": 240, ""tree_min_leaf"": 8, ""validation_draws"": 1000, ""weight_temperature"": 0.01}",6.91314930508815,6.923852985354256,-0.010703680266106,0,0.0128815913349393,False,False,6.919173646423948,6.921249708897923,-0.002076062473975,REJECTED,rejected: development improvement/consistency threshold not met,champ-5c4ebf8f035b
79,exp-0000079-1363f722ded4,2026-08-22T12:40:30+09:00,d00cd33771798e2fda3b,champ-5c4ebf8f035b,chal-1363f722ded4,"{""evolution_rate"": 0.7, ""frequency_profile"": ""default"", ""half_life_draws"": 1500, ""lr_c"": 0.25, ""markov_blend"": 0.65, ""random_state"": 42, ""top_k"": 20, ""transition_window"": 1000, ""tree_estimators"": 320, ""tree_min_leaf"": 8, ""validation_draws"": 1000, ""weight_temperature"": 0.01}",6.91314930508815,6.912909446808691,0.0002398582794587,2,0.0024826231163013,False,False,6.919173646423948,6.918697956578846,0.0004756898451017,REJECTED,rejected: development improvement/consistency threshold not met,champ-5c4ebf8f035b
80,exp-0000080-f2a93b1b0d2d,2026-08-22T12:40:40+09:00,d00cd33771798e2fda3b,champ-5c4ebf8f035b,chal-f2a93b1b0d2d,"{""evolution_rate"": 0.7, ""frequency_profile"": ""default"", ""half_life_draws"": 750, ""lr_c"": 0.5, ""markov_blend"": 0.65, ""random_state"": 42, ""top_k"": 20, ""transition_window"": 1000, ""tree_estimators"": 240, ""tree_min_leaf"": 8, ""validation_draws"": 1000, ""weight_temperature"": 0.08}",6.91314930508815,6.927872835213645,-0.0147235301254946,0,0.0251502182623859,False,False,6.919173646423948,6.929718436216535,-0.0105447897925872,REJECTED,rejected: development improvement/consistency threshold not met,champ-5c4ebf8f035b
81,exp-0000081-fb6acdda07bc,2026-08-22T12:40:49+09:00,d00cd33771798e2fda3b,champ-5c4ebf8f035b,chal-fb6acdda07bc,"{""evolution_rate"": 0.7, ""frequency_profile"": ""default"", ""half_life_draws"": 1500, ""lr_c"": 0.5, ""markov_blend"": 0.55, ""random_state"": 42, ""top_k"": 20, ""transition_window"": 1000, ""tree_estimators"": 120, ""tree_min_leaf"": 8, ""validation_draws"": 1000, ""weight_temperature"": 0.01}",6.91314930508815,6.917021095858368,-0.0038717907702174,0,0.0066845899049097,False,False,6.919173646423948,6.928766116042722,-0.0095924696187736,REJECTED,rejected: development improvement/consistency threshold not met,champ-5c4ebf8f035b
82,exp-0000082-c12884ea240a,2026-08-22T12:40:59+09:00,d00cd33771798e2fda3b,champ-5c4ebf8f035b,chal-c12884ea240a,"{""evolution_rate"": 0.85, ""frequency_profile"": ""default"", ""half_life_draws"": 1500, ""lr_c"": 0.25, ""markov_blend"": 0.45, ""random_state"": 42, ""top_k"": 20, ""transition_window"": 1000, ""tree_estimators"": 240, ""tree_min_leaf"": 8, ""validation_draws"": 1000, ""weight_temperature"": 0.01}",6.91314930508815,6.91237857249138,0.00077073259677,2,0.0004902468569225,False,False,6.919173646423948,6.921112297778491,-0.0019386513545427,REJECTED,rejected: development improvement/consistency threshold not met,champ-5c4ebf8f035b
83,exp-0000083-e20119a63a87,2026-08-22T12:41:11+09:00,d00cd33771798e2fda3b,champ-5c4ebf8f035b,chal-e20119a63a87,"{""evolution_rate"": 0.7, ""frequency_profile"": ""default"", ""half_life_draws"": 1000, ""lr_c"": 1.0, ""markov_blend"": 0.65, ""random_state"": 42, ""top_k"": 20, ""transition_window"": 1000, ""tree_estimators"": 240, ""tree_min_leaf"": 8, ""validation_draws"": 1000, ""weight_temperature"": 0.01}",6.91314930508815,6.924860152720634,-0.011710847632484,0,0.014058284654757,False,False,6.919173646423948,6.921890714045857,-0.0027170676219094,REJECTED,rejected: development improvement/consistency threshold not met,champ-5c4ebf8f035b
84,exp-0000084-c64abb84e0d9,2026-08-22T12:41:22+09:00,d00cd33771798e2fda3b,champ-5c4ebf8f035b,chal-c64abb84e0d9,"{""evolution_rate"": 0.85, ""frequency_profile"": ""default"", ""half_life_draws"": 1500, ""lr_c"": 0.5, ""markov_blend"": 0.65, ""random_state"": 42, ""top_k"": 20, ""transition_window"": 1000, ""tree_estimators"": 240, ""tree_min_leaf"": 8, ""validation_draws"": 1000, ""weight_temperature"": 0.08}",6.91314930508815,6.922860921094132,-0.0097116160059815,1,0.0181244848011203,False,False,6.919173646423948,6.927116872624447,-0.0079432262004992,REJECTED,rejected: development improvement/consistency threshold not met,champ-5c4ebf8f035b
85,exp-0000085-d298c6ec42c8,2026-08-22T12:41:34+09:00,d00cd33771798e2fda3b,champ-5c4ebf8f035b,chal-d298c6ec42c8,"{""evolution_rate"": 0.55, ""frequency_profile"": ""default"", ""half_life_draws"": 1500, ""lr_c"": 1.0, ""markov_blend"": 0.65, ""random_state"": 42, ""top_k"": 20, ""transition_window"": 1000, ""tree_estimators"": 240, ""tree_min_leaf"": 8, ""validation_draws"": 1000, ""weight_temperature"": 0.01}",6.91314930508815,6.912947343547567,0.0002019615405828,3,0.0,False,False,6.919173646423948,6.921237769441516,-0.0020641230175675,REJECTED,rejected: development improvement/consistency threshold not met,champ-5c4ebf8f035b
86,exp-0000086-4b087568e993,2026-08-22T12:41:44+09:00,d00cd33771798e2fda3b,champ-5c4ebf8f035b,chal-4b087568e993,"{""evolution_rate"": 0.55, ""frequency_profile"": ""default"", ""half_life_draws"": 1500, ""lr_c"": 0.5, ""markov_blend"": 0.65, ""random_state"": 42, ""top_k"": 20, ""transition_window"": 1000, ""tree_estimators"": 180, ""tree_min_leaf"": 8, ""validation_draws"": 1000, ""weight_temperature"": 0.01}",6.91314930508815,6.915572101440851,-0.0024227963527012,0,0.0035436338003593,False,False,6.919173646423948,6.925884622977667,-0.0067109765537187,REJECTED,rejected: development improvement/consistency threshold not met,champ-5c4ebf8f035b
87,exp-0000087-2bc8561eccb8,2026-08-22T12:41:54+09:00,d00cd33771798e2fda3b,champ-5c4ebf8f035b,chal-2bc8561eccb8,"{""evolution_rate"": 0.7, ""frequency_profile"": ""recent"", ""half_life_draws"": 1500, ""lr_c"": 0.5, ""markov_blend"": 0.65, ""random_state"": 42, ""top_k"": 20, ""transition_window"": 1000, ""tree_estimators"": 240, ""tree_min_leaf"": 8, ""validation_draws"": 1000, ""weight_temperature"": 0.02}",6.91314930508815,6.913900904211907,-0.0007515991237569,1,0.0035846897384077,False,False,6.919173646423948,6.918498476782246,0.0006751696417017,REJECTED,rejected: development improvement/consistency threshold not met,champ-5c4ebf8f035b
88,exp-0000088-d97fafa7bc1c,2026-08-22T12:42:07+09:00,d00cd33771798e2fda3b,champ-5c4ebf8f035b,chal-d97fafa7bc1c,"{""evolution_rate"": 0.55, ""frequency_profile"": ""default"", ""half_life_draws"": 1500, ""lr_c"": 0.5, ""markov_blend"": 0.65, ""random_state"": 42, ""top_k"": 20, ""transition_window"": 1000, ""tree_estimators"": 240, ""tree_min_leaf"": 4, ""validation_draws"": 1000, ""weight_temperature"": 0.01}",6.91314930508815,6.9230614004580175,-0.0099120953698674,0,0.0168173509815074,False,False,6.919173646423948,6.924135915488142,-0.0049622690641939,REJECTED,rejected: development improvement/consistency threshold not met,champ-5c4ebf8f035b
89,exp-0000089-d433d3cf9cf0,2026-08-22T12:42:18+09:00,d00cd33771798e2fda3b,champ-5c4ebf8f035b,chal-d433d3cf9cf0,"{""evolution_rate"": 0.7, ""frequency_profile"": ""default"", ""half_life_draws"": 1500, ""lr_c"": 0.5, ""markov_blend"": 0.65, ""random_state"": 42, ""top_k"": 20, ""transition_window"": 500, ""tree_estimators"": 240, ""tree_min_leaf"": 8, ""validation_draws"": 1000, ""weight_temperature"": 0.02}",6.91314930508815,6.913724834347897,-0.0005755292597466,2,0.0035421394447965,False,False,6.919173646423948,6.916976728869706,0.002196917554242,REJECTED,rejected: development improvement/consistency threshold not met,champ-5c4ebf8f035b
90,exp-0000090-43fb2c1271db,2026-08-22T12:42:31+09:00,d00cd33771798e2fda3b,champ-5c4ebf8f035b,chal-43fb2c1271db,"{""evolution_rate"": 0.7, ""frequency_profile"": ""default"", ""half_life_draws"": 1500, ""lr_c"": 0.5, ""markov_blend"": 0.65, ""random_state"": 42, ""top_k"": 20, ""transition_window"": 300, ""tree_estimators"": 320, ""tree_min_leaf"": 8, ""validation_draws"": 1000, ""weight_temperature"": 0.01}",6.91314930508815,6.914088479367295,-0.0009391742791446,2,0.0090699877519515,False,False,6.919173646423948,6.920727721099726,-0.001554074675778,REJECTED,rejected: development improvement/consistency threshold not met,champ-5c4ebf8f035b
91,exp-0000091-29312de90fdf,2026-08-22T12:42:41+09:00,d00cd33771798e2fda3b,champ-5c4ebf8f035b,chal-29312de90fdf,"{""evolution_rate"": 0.7, ""frequency_profile"": ""default"", ""half_life_draws"": 1500, ""lr_c"": 0.5, ""markov_blend"": 0.65, ""random_state"": 42, ""top_k"": 20, ""transition_window"": 1000, ""tree_estimators"": 180, ""tree_min_leaf"": 8, ""validation_draws"": 1000, ""weight_temperature"": 0.02}",6.91314930508815,6.916645686731417,-0.0034963816432673,1,0.0074436598952187,False,False,6.919173646423948,6.922210960064279,-0.0030373136403305,REJECTED,rejected: development improvement/consistency threshold not met,champ-5c4ebf8f035b
92,exp-0000092-178892c26177,2026-08-22T12:42:52+09:00,d00cd33771798e2fda3b,champ-5c4ebf8f035b,chal-178892c26177,"{""evolution_rate"": 0.7, ""frequency_profile"": ""default"", ""half_life_draws"": 1000, ""lr_c"": 0.5, ""markov_blend"": 0.65, ""random_state"": 42, ""top_k"": 20, ""transition_window"": 1000, ""tree_estimators"": 320, ""tree_min_leaf"": 8, ""validation_draws"": 1000, ""weight_temperature"": 0.01}",6.91314930508815,6.923298656816068,-0.010149351727918,0,0.0120745109148474,False,False,6.919173646423948,6.920882447654907,-0.0017088012309587,REJECTED,rejected: development improvement/consistency threshold not met,champ-5c4ebf8f035b
93,exp-0000093-209062b04f16,2026-08-22T12:43:05+09:00,d00cd33771798e2fda3b,champ-5c4ebf8f035b,chal-209062b04f16,"{""evolution_rate"": 0.7, ""frequency_profile"": ""default"", ""half_life_draws"": 1500, ""lr_c"": 1.0, ""markov_blend"": 0.65, ""random_state"": 42, ""top_k"": 20, ""transition_window"": 1000, ""tree_estimators"": 240, ""tree_min_leaf"": 8, ""validation_draws"": 1000, ""weight_temperature"": 0.01}",6.91314930508815,6.912865155802184,0.0002841492859664,3,0.0,False,False,6.919173646423948,6.921684292095195,-0.0025106456712471,REJECTED,rejected: development improvement/consistency threshold not met,champ-5c4ebf8f035b
94,exp-0000094-31da10b3d846,2026-08-22T12:43:13+09:00,d00cd33771798e2fda3b,champ-5c4ebf8f035b,chal-31da10b3d846,"{""evolution_rate"": 1.0, ""frequency_profile"": ""default"", ""half_life_draws"": 750, ""lr_c"": 0.5, ""markov_blend"": 0.65, ""random_state"": 42, ""top_k"": 20, ""transition_window"": 2000, ""tree_estimators"": 240, ""tree_min_leaf"": 8, ""validation_draws"": 1000, ""weight_temperature"": 0.01}",6.91314930508815,6.923791612293282,-0.0106423072051322,0,0.0193261406753109,False,False,6.919173646423948,6.928527853176116,-0.0093542067521683,REJECTED,rejected: development improvement/consistency threshold not met,champ-5c4ebf8f035b
95,exp-0000095-e55c9228e23b,2026-08-22T12:43:24+09:00,d00cd33771798e2fda3b,champ-5c4ebf8f035b,chal-e55c9228e23b,"{""evolution_rate"": 0.85, ""frequency_profile"": ""default"", ""half_life_draws"": 1500, ""lr_c"": 0.5, ""markov_blend"": 0.65, ""random_state"": 42, ""top_k"": 20, ""transition_window"": 1000, ""tree_estimators"": 240, ""tree_min_leaf"": 8, ""validation_draws"": 1000, ""weight_temperature"": 0.02}",6.91314930508815,6.914538090760434,-0.001388785672284,1,0.0053990941198263,False,False,6.919173646423948,6.918800699328702,0.0003729470952462,REJECTED,rejected: development improvement/consistency threshold not met,champ-5c4ebf8f035b
96,exp-0000096-0af9e9a37cf6,2026-08-22T12:43:35+09:00,d00cd33771798e2fda3b,champ-5c4ebf8f035b,chal-0af9e9a37cf6,"{""evolution_rate"": 1.0, ""frequency_profile"": ""balanced"", ""half_life_draws"": 1500, ""lr_c"": 0.5, ""markov_blend"": 0.65, ""random_state"": 42, ""top_k"": 20, ""transition_window"": 1000, ""tree_estimators"": 320, ""tree_min_leaf"": 8, ""validation_draws"": 1000, ""weight_temperature"": 0.01}",6.91314930508815,6.913198095198005,-4.87901098553678e-05,2,0.0028310421010138,False,False,6.919173646423948,6.917215079801972,0.0019585666219761,REJECTED,rejected: development improvement/consistency threshold not met,champ-5c4ebf8f035b
97,exp-0000097-9b84fb391451,2026-08-22T12:43:47+09:00,d00cd33771798e2fda3b,champ-5c4ebf8f035b,chal-9b84fb391451,"{""evolution_rate"": 0.4, ""frequency_profile"": ""balanced"", ""half_life_draws"": 1500, ""lr_c"": 0.5, ""markov_blend"": 0.65, ""random_state"": 42, ""top_k"": 20, ""transition_window"": 1000, ""tree_estimators"": 240, ""tree_min_leaf"": 8, ""validation_draws"": 1000, ""weight_temperature"": 0.01}",6.91314930508815,6.913229229940959,-7.992485280894357e-05,1,0.002949470295011,False,False,6.919173646423948,6.918858012042936,0.0003156343810122,REJECTED,rejected: development improvement/consistency threshold not met,champ-5c4ebf8f035b
98,exp-0000098-f76a92aa3e04,2026-08-22T12:43:55+09:00,d00cd33771798e2fda3b,champ-5c4ebf8f035b,chal-f76a92aa3e04,"{""evolution_rate"": 0.85, ""frequency_profile"": ""default"", ""half_life_draws"": 1500, ""lr_c"": 0.5, ""markov_blend"": 0.65, ""random_state"": 42, ""top_k"": 20, ""transition_window"": 1000, ""tree_estimators"": 120, ""tree_min_leaf"": 12, ""validation_draws"": 1000, ""weight_temperature"": 0.01}",6.91314930508815,6.919806722084172,-0.0066574169960214,0,0.0128889928587376,False,False,6.919173646423948,6.918342591943628,0.0008310544803196,REJECTED,rejected: development improvement/consistency threshold not met,champ-5c4ebf8f035b
99,exp-0000099-00f63604a821,2026-08-22T12:44:05+09:00,d00cd33771798e2fda3b,champ-5c4ebf8f035b,chal-00f63604a821,"{""evolution_rate"": 0.7, ""frequency_profile"": ""default"", ""half_life_draws"": 750, ""lr_c"": 0.5, ""markov_blend"": 0.45, ""random_state"": 42, ""top_k"": 20, ""transition_window"": 1000, ""tree_estimators"": 240, ""tree_min_leaf"": 8, ""validation_draws"": 1000, ""weight_temperature"": 0.01}",6.91314930508815,6.9232966065305375,-0.0101473014423874,0,0.0192077905961918,False,False,6.919173646423948,6.930350261294345,-0.0111766148703971,REJECTED,rejected: development improvement/consistency threshold not met,champ-5c4ebf8f035b
100,exp-0000100-654e1ae44e53,2026-08-22T12:44:16+09:00,d00cd33771798e2fda3b,champ-5c4ebf8f035b,chal-654e1ae44e53,"{""evolution_rate"": 0.7, ""frequency_profile"": ""default"", ""half_life_draws"": 1500, ""lr_c"": 0.5, ""markov_blend"": 0.55, ""random_state"": 42, ""top_k"": 20, ""transition_window"": 500, ""tree_estimators"": 240, ""tree_min_leaf"": 8, ""validation_draws"": 1000, ""weight_temperature"": 0.01}",6.91314930508815,6.913068766878698,8.053820945175261e-05,2,0.0035862725052417,False,False,6.919173646423948,6.921433470747381,-0.002259824323433,REJECTED,rejected: development improvement/consistency threshold not met,champ-5c4ebf8f035b
101,exp-0000101-71078de6c483,2026-08-22T12:44:27+09:00,d00cd33771798e2fda3b,champ-5c4ebf8f035b,chal-71078de6c483,"{""evolution_rate"": 0.7, ""frequency_profile"": ""default"", ""half_life_draws"": 1500, ""lr_c"": 0.5, ""markov_blend"": 0.65, ""random_state"": 42, ""top_k"": 20, ""transition_window"": 500, ""tree_estimators"": 320, ""tree_min_leaf"": 12, ""validation_draws"": 1000, ""weight_temperature"": 0.01}",6.91314930508815,6.919022376832269,-0.0058730717441193,0,0.0128063586887492,False,False,6.919173646423948,6.916267084536588,0.00290656188736,REJECTED,rejected: development improvement/consistency threshold not met,champ-5c4ebf8f035b
102,exp-0000102-5544e6dbda4f,2026-08-22T12:44:38+09:00,d00cd33771798e2fda3b,champ-5c4ebf8f035b,chal-5544e6dbda4f,"{""evolution_rate"": 0.7, ""frequency_profile"": ""default"", ""half_life_draws"": 1500, ""lr_c"": 0.5, ""markov_blend"": 0.75, ""random_state"": 42, ""top_k"": 20, ""transition_window"": 1000, ""tree_estimators"": 240, ""tree_min_leaf"": 8, ""validation_draws"": 1000, ""weight_temperature"": 0.04}",6.91314930508815,6.918608049416817,-0.0054587443286671,1,0.0114444844415562,False,False,6.919173646423948,6.921429499575289,-0.0022558531513414,REJECTED,rejected: development improvement/consistency threshold not met,champ-5c4ebf8f035b
103,exp-0000103-97a86433e18b,2026-08-22T12:44:49+09:00,d00cd33771798e2fda3b,champ-5c4ebf8f035b,chal-97a86433e18b,"{""evolution_rate"": 0.7, ""frequency_profile"": ""default"", ""half_life_draws"": 1500, ""lr_c"": 0.5, ""markov_blend"": 0.65, ""random_state"": 42, ""top_k"": 20, ""transition_window"": 2000, ""tree_estimators"": 240, ""tree_min_leaf"": 8, ""validation_draws"": 1000, ""weight_temperature"": 0.02}",6.91314930508815,6.91457182983937,-0.00142252475122,1,0.0055731071571001,False,False,6.919173646423948,6.920463520968627,-0.0012898745446792,REJECTED,rejected: development improvement/consistency threshold not met,champ-5c4ebf8f035b
104,exp-0000104-c5216054ea42,2026-08-22T12:45:03+09:00,d00cd33771798e2fda3b,champ-5c4ebf8f035b,chal-c5216054ea42,"{""evolution_rate"": 0.7, ""frequency_profile"": ""recent"", ""half_life_draws"": 1500, ""lr_c"": 1.0, ""markov_blend"": 0.65, ""random_state"": 42, ""top_k"": 20, ""transition_window"": 1000, ""tree_estimators"": 240, ""tree_min_leaf"": 8, ""validation_draws"": 1000, ""weight_temperature"": 0.01}",6.91314930508815,6.913663444970027,-0.0005141398818766,2,0.0025513995984232,False,False,6.919173646423948,6.922932390497953,-0.0037587440740054,REJECTED,rejected: development improvement/consistency threshold not met,champ-5c4ebf8f035b
105,exp-0000105-1602002794e6,2026-08-22T12:45:14+09:00,d00cd33771798e2fda3b,champ-5c4ebf8f035b,chal-1602002794e6,"{""evolution_rate"": 0.7, ""frequency_profile"": ""default"", ""half_life_draws"": 750, ""lr_c"": 0.5, ""markov_blend"": 0.65, ""random_state"": 42, ""top_k"": 20, ""transition_window"": 1000, ""tree_estimators"": 240, ""tree_min_leaf"": 8, ""validation_draws"": 1000, ""weight_temperature"": 0.01}",6.91314930508815,6.924568723056702,-0.0114194179685522,0,0.0204372921246145,False,False,6.919173646423948,6.932014847696441,-0.0128412012724927,REJECTED,rejected: development improvement/consistency threshold not met,champ-5c4ebf8f035b
106,exp-0000106-42f5f4d23e81,2026-08-22T12:45:25+09:00,d00cd33771798e2fda3b,champ-5c4ebf8f035b,chal-42f5f4d23e81,"{""evolution_rate"": 0.7, ""frequency_profile"": ""recent"", ""half_life_draws"": 1500, ""lr_c"": 0.25, ""markov_blend"": 0.65, ""random_state"": 42, ""top_k"": 20, ""transition_window"": 1000, ""tree_estimators"": 240, ""tree_min_leaf"": 8, ""validation_draws"": 1000, ""weight_temperature"": 0.01}",6.91314930508815,6.913664093061108,-0.0005147879729578,2,0.0025519828572244,False,False,6.919173646423948,6.922933078222608,-0.0037594317986595,REJECTED,rejected: development improvement/consistency threshold not met,champ-5c4ebf8f035b
107,exp-0000107-59b1cec77288,2026-08-22T12:45:36+09:00,d00cd33771798e2fda3b,champ-5c4ebf8f035b,chal-59b1cec77288,"{""evolution_rate"": 0.7, ""frequency_profile"": ""recent"", ""half_life_draws"": 750, ""lr_c"": 0.5, ""markov_blend"": 0.65, ""random_state"": 42, ""top_k"": 20, ""transition_window"": 1000, ""tree_estimators"": 240, ""tree_min_leaf"": 8, ""validation_draws"": 1000, ""weight_temperature"": 0.01}",6.91314930508815,6.926715140453406,-0.0135658353652559,0,0.0223932884776143,False,False,6.919173646423948,6.934450439072681,-0.0152767926487333,REJECTED,rejected: development improvement/consistency threshold not met,champ-5c4ebf8f035b
108,exp-0000108-d85f4b9a160d,2026-08-22T12:45:47+09:00,d00cd33771798e2fda3b,champ-5c4ebf8f035b,chal-d85f4b9a160d,"{""evolution_rate"": 0.7, ""frequency_profile"": ""default"", ""half_life_draws"": 1500, ""lr_c"": 0.5, ""markov_blend"": 0.65, ""random_state"": 42, ""top_k"": 20, ""transition_window"": 1000, ""tree_estimators"": 180, ""tree_min_leaf"": 8, ""validation_draws"": 1000, ""weight_temperature"": 0.04}",6.91314930508815,6.9204505868740585,-0.0073012817859083,1,0.0127841065298852,False,False,6.919173646423948,6.924444419575646,-0.0052707731516976,REJECTED,rejected: development improvement/consistency threshold not met,champ-5c4ebf8f035b
109,exp-0000109-b0622cb430b0,2026-08-22T12:45:59+09:00,d00cd33771798e2fda3b,champ-5c4ebf8f035b,chal-b0622cb430b0,"{""evolution_rate"": 0.7, ""frequency_profile"": ""recent"", ""half_life_draws"": 1500, ""lr_c"": 0.5, ""markov_blend"": 0.75, ""random_state"": 42, ""top_k"": 20, ""transition_window"": 1000, ""tree_estimators"": 240, ""tree_min_leaf"": 8, ""validation_draws"": 1000, ""weight_temperature"": 0.01}",6.91314930508815,6.914571689423973,-0.0014223843358225,2,0.0053105875638692,False,False,6.919173646423948,6.923789933188407,-0.0046162867644587,REJECTED,rejected: development improvement/consistency threshold not met,champ-5c4ebf8f035b
110,exp-0000110-15eb288ab0d3,2026-08-22T12:46:08+09:00,d00cd33771798e2fda3b,champ-5c4ebf8f035b,chal-15eb288ab0d3,"{""evolution_rate"": 0.7, ""frequency_profile"": ""balanced"", ""half_life_draws"": 1500, ""lr_c"": 0.5, ""markov_blend"": 0.65, ""random_state"": 42, ""top_k"": 20, ""transition_window"": 500, ""tree_estimators"": 180, ""tree_min_leaf"": 8, ""validation_draws"": 1000, ""weight_temperature"": 0.01}",6.91314930508815,6.915151065917839,-0.0020017608296889,1,0.0038783278495797,False,False,6.919173646423948,6.923862372318932,-0.0046887258949839,REJECTED,rejected: development improvement/consistency threshold not met,champ-5c4ebf8f035b
111,exp-0000111-1a185b782cab,2026-08-22T12:46:21+09:00,d00cd33771798e2fda3b,champ-5c4ebf8f035b,chal-1a185b782cab,"{""evolution_rate"": 0.7, ""frequency_profile"": ""default"", ""half_life_draws"": 1500, ""lr_c"": 0.5, ""markov_blend"": 0.55, ""random_state"": 42, ""top_k"": 20, ""transition_window"": 1000, ""tree_estimators"": 320, ""tree_min_leaf"": 8, ""validation_draws"": 1000, ""weight_temperature"": 0.01}",6.91314930508815,6.912718071149778,0.0004312339383716,2,0.0008150092239178,False,False,6.919173646423948,6.918208815666154,0.0009648307577938,REJECTED,rejected: development improvement/consistency threshold not met,champ-5c4ebf8f035b
112,exp-0000112-e1f1c0542d0f,2026-08-22T12:46:31+09:00,d00cd33771798e2fda3b,champ-5c4ebf8f035b,chal-e1f1c0542d0f,"{""evolution_rate"": 0.85, ""frequency_profile"": ""default"", ""half_life_draws"": 1500, ""lr_c"": 0.1, ""markov_blend"": 0.65, ""random_state"": 42, ""top_k"": 20, ""transition_window"": 2000, ""tree_estimators"": 320, ""tree_min_leaf"": 8, ""validation_draws"": 1000, ""weight_temperature"": 0.01}",6.91314930508815,6.913484588351023,-0.0003352832628724,1,0.0017659144873576,False,False,6.919173646423948,6.918274287929542,0.0008993584944061,REJECTED,rejected: development improvement/consistency threshold not met,champ-5c4ebf8f035b
113,exp-0000113-f0100ed1bd66,2026-08-22T12:46:40+09:00,d00cd33771798e2fda3b,champ-5c4ebf8f035b,chal-f0100ed1bd66,"{""evolution_rate"": 0.7, ""frequency_profile"": ""default"", ""half_life_draws"": 500, ""lr_c"": 0.1, ""markov_blend"": 0.65, ""random_state"": 42, ""top_k"": 20, ""transition_window"": 1000, ""tree_estimators"": 180, ""tree_min_leaf"": 4, ""validation_draws"": 1000, ""weight_temperature"": 0.01}",6.91314930508815,6.935024275192614,-0.0218749701044638,0,0.0310344955877939,False,False,6.919173646423948,6.941365771447683,-0.0221921250237349,REJECTED,rejected: development improvement/consistency threshold not met,champ-5c4ebf8f035b
114,exp-0000114-d3fde6870bea,2026-08-22T12:46:52+09:00,d00cd33771798e2fda3b,champ-5c4ebf8f035b,chal-d3fde6870bea,"{""evolution_rate"": 0.7, ""frequency_profile"": ""default"", ""half_life_draws"": 1500, ""lr_c"": 0.5, ""markov_blend"": 0.65, ""random_state"": 42, ""top_k"": 20, ""transition_window"": 1000, ""tree_estimators"": 240, ""tree_min_leaf"": 12, ""validation_draws"": 1000, ""weight_temperature"": 0.02}",6.91314930508815,6.920081625898998,-0.006932320810848,0,0.0129702131331415,False,False,6.919173646423948,6.916045370259227,0.0031282761647206,REJECTED,rejected: development improvement/consistency threshold not met,champ-5c4ebf8f035b
115,exp-0000115-f71dc21d96fa,2026-08-22T12:47:04+09:00,d00cd33771798e2fda3b,champ-5c4ebf8f035b,chal-f71dc21d96fa,"{""evolution_rate"": 0.7, ""frequency_profile"": ""default"", ""half_life_draws"": 1500, ""lr_c"": 1.0, ""markov_blend"": 0.65, ""random_state"": 42, ""top_k"": 20, ""transition_window"": 2000, ""tree_estimators"": 240, ""tree_min_leaf"": 8, ""validation_draws"": 1000, ""weight_temperature"": 0.01}",6.91314930508815,6.912994288333426,0.0001550167547241,2,0.0010671918568387,False,False,6.919173646423948,6.920601471364599,-0.0014278249406505,REJECTED,rejected: development improvement/consistency threshold not met,champ-5c4ebf8f035b
116,exp-0000116-55502cf072c0,2026-08-22T12:47:16+09:00,d00cd33771798e2fda3b,champ-5c4ebf8f035b,chal-55502cf072c0,"{""evolution_rate"": 0.7, ""frequency_profile"": ""default"", ""half_life_draws"": 1500, ""lr_c"": 1.0, ""markov_blend"": 0.65, ""random_state"": 42, ""top_k"": 20, ""transition_window"": 300, ""tree_estimators"": 240, ""tree_min_leaf"": 8, ""validation_draws"": 1000, ""weight_temperature"": 0.01}",6.91314930508815,6.914412318167909,-0.0012630130797592,2,0.0068513116390969,False,False,6.919173646423948,6.924101191204032,-0.0049275447800845,REJECTED,rejected: development improvement/consistency threshold not met,champ-5c4ebf8f035b
117,exp-0000117-a9b76e38fa65,2026-08-22T12:47:27+09:00,d00cd33771798e2fda3b,champ-5c4ebf8f035b,chal-a9b76e38fa65,"{""evolution_rate"": 0.7, ""frequency_profile"": ""recent"", ""half_life_draws"": 1500, ""lr_c"": 0.5, ""markov_blend"": 0.65, ""random_state"": 42, ""top_k"": 20, ""transition_window"": 500, ""tree_estimators"": 240, ""tree_min_leaf"": 8, ""validation_draws"": 1000, ""weight_temperature"": 0.01}",6.91314930508815,6.915275300364574,-0.0021259952764243,2,0.0092979009103864,False,False,6.919173646423948,6.92415920202504,-0.0049855556010918,REJECTED,rejected: development improvement/consistency threshold not met,champ-5c4ebf8f035b
118,exp-0000118-3692955381da,2026-08-22T12:47:39+09:00,d00cd33771798e2fda3b,champ-5c4ebf8f035b,chal-3692955381da,"{""evolution_rate"": 0.7, ""frequency_profile"": ""default"", ""half_life_draws"": 1500, ""lr_c"": 0.5, ""markov_blend"": 0.55, ""random_state"": 42, ""top_k"": 20, ""transition_window"": 1000, ""tree_estimators"": 240, ""tree_min_leaf"": 8, ""validation_draws"": 1000, ""weight_temperature"": 0.02}",6.91314930508815,6.915347739595801,-0.0021984345076511,1,0.006332142745645,False,False,6.919173646423948,6.919180130367909,-6.483943961299588e-06,REJECTED,rejected: development improvement/consistency threshold not met,champ-5c4ebf8f035b
119,exp-0000119-86a85e06f87f,2026-08-22T12:47:48+09:00,d00cd33771798e2fda3b,champ-5c4ebf8f035b,chal-86a85e06f87f,"{""evolution_rate"": 0.7, ""frequency_profile"": ""default"", ""half_life_draws"": 1500, ""lr_c"": 0.5, ""markov_blend"": 0.75, ""random_state"": 42, ""top_k"": 20, ""transition_window"": 1000, ""tree_estimators"": 120, ""tree_min_leaf"": 8, ""validation_draws"": 1000, ""weight_temperature"": 0.01}",6.91314930508815,6.918272962682338,-0.0051236575941882,0,0.0057313717502021,False,False,6.919173646423948,6.931127453983979,-0.0119538075600313,REJECTED,rejected: development improvement/consistency threshold not met,champ-5c4ebf8f035b
120,exp-0000120-394d05059d76,2026-08-22T12:48:00+09:00,d00cd33771798e2fda3b,champ-5c4ebf8f035b,chal-394d05059d76,"{""evolution_rate"": 0.7, ""frequency_profile"": ""default"", ""half_life_draws"": 1500, ""lr_c"": 0.25, ""markov_blend"": 0.75, ""random_state"": 42, ""top_k"": 20, ""transition_window"": 1000, ""tree_estimators"": 320, ""tree_min_leaf"": 8, ""validation_draws"": 1000, ""weight_temperature"": 0.01}",6.91314930508815,6.913218516927775,-6.921183962482758e-05,2,0.0046940918576785,False,False,6.919173646423948,6.919394804787626,-0.0002211583636784,REJECTED,rejected: development improvement/consistency threshold not met,champ-5c4ebf8f035b
121,exp-0000121-22b08c7101e6,2026-08-22T12:48:11+09:00,d00cd33771798e2fda3b,champ-5c4ebf8f035b,chal-22b08c7101e6,"{""evolution_rate"": 0.7, ""frequency_profile"": ""default"", ""half_life_draws"": 1500, ""lr_c"": 0.5, ""markov_blend"": 0.65, ""random_state"": 42, ""top_k"": 20, ""transition_window"": 500, ""tree_estimators"": 180, ""tree_min_leaf"": 8, ""validation_draws"": 1000, ""weight_temperature"": 0.01}",6.91314930508815,6.916593590519141,-0.0034442854309908,1,0.0097687667895138,False,False,6.919173646423948,6.927806126232479,-0.0086324798085311,REJECTED,rejected: development improvement/consistency threshold not met,champ-5c4ebf8f035b
122,exp-0000122-2db434464e97,2026-08-22T12:48:22+09:00,d00cd33771798e2fda3b,champ-5c4ebf8f035b,chal-2db434464e97,"{""evolution_rate"": 0.7, ""frequency_profile"": ""default"", ""half_life_draws"": 1000, ""lr_c"": 0.25, ""markov_blend"": 0.65, ""random_state"": 42, ""top_k"": 20, ""transition_window"": 1000, ""tree_estimators"": 240, ""tree_min_leaf"": 4, ""validation_draws"": 1000, ""weight_temperature"": 0.02}",6.91314930508815,6.924522484852044,-0.0113731797638934,1,0.0178816604503957,False,False,6.919173646423948,6.923561652698746,-0.004388006274798,REJECTED,rejected: development improvement/consistency threshold not met,champ-5c4ebf8f035b
123,exp-0000123-a9969f966fd9,2026-08-22T12:48:34+09:00,d00cd33771798e2fda3b,champ-5c4ebf8f035b,chal-a9969f966fd9,"{""evolution_rate"": 0.7, ""frequency_profile"": ""default"", ""half_life_draws"": 1500, ""lr_c"": 0.5, ""markov_blend"": 0.65, ""random_state"": 42, ""top_k"": 20, ""transition_window"": 500, ""tree_estimators"": 320, ""tree_min_leaf"": 8, ""validation_draws"": 1000, ""weight_temperature"": 0.01}",6.91314930508815,6.913370072563392,-0.0002207674752421,2,0.0076267097997737,False,False,6.919173646423948,6.919384092233604,-0.0002104458096559,REJECTED,rejected: development improvement/consistency threshold not met,champ-5c4ebf8f035b
124,exp-0000124-0f331b139634,2026-08-22T12:48:44+09:00,d00cd33771798e2fda3b,champ-5c4ebf8f035b,chal-0f331b139634,"{""evolution_rate"": 0.7, ""frequency_profile"": ""medium"", ""half_life_draws"": 1500, ""lr_c"": 0.5, ""markov_blend"": 0.55, ""random_state"": 42, ""top_k"": 20, ""transition_window"": 1000, ""tree_estimators"": 120, ""tree_min_leaf"": 8, ""validation_draws"": 1000, ""weight_temperature"": 0.04}",6.91314930508815,6.922455370576955,-0.009306065488805,1,0.0173372662078694,False,False,6.919173646423948,6.9272738130782106,-0.0081001666542626,REJECTED,rejected: development improvement/consistency threshold not met,champ-5c4ebf8f035b
125,exp-0000125-b7bccb4248b8,2026-08-22T12:48:56+09:00,d00cd33771798e2fda3b,champ-5c4ebf8f035b,chal-b7bccb4248b8,"{""evolution_rate"": 0.7, ""frequency_profile"": ""default"", ""half_life_draws"": 2000, ""lr_c"": 0.5, ""markov_blend"": 0.65, ""random_state"": 42, ""top_k"": 20, ""transition_window"": 1000, ""tree_estimators"": 240, ""tree_min_leaf"": 4, ""validation_draws"": 1000, ""weight_temperature"": 0.02}",6.91314930508815,6.928376667802447,-0.0152273627142971,0,0.0202617269933327,False,False,6.919173646423948,6.923639138397317,-0.0044654919733693,REJECTED,rejected: development improvement/consistency threshold not met,champ-5c4ebf8f035b
126,exp-0000126-cbe8260691ff,2026-08-22T12:49:07+09:00,d00cd33771798e2fda3b,champ-5c4ebf8f035b,chal-cbe8260691ff,"{""evolution_rate"": 0.7, ""frequency_profile"": ""default"", ""half_life_draws"": 1500, ""lr_c"": 0.5, ""markov_blend"": 0.65, ""random_state"": 42, ""top_k"": 20, ""transition_window"": 1000, ""tree_estimators"": 320, ""tree_min_leaf"": 12, ""validation_draws"": 1000, ""weight_temperature"": 0.01}",6.91314930508815,6.918182026866314,-0.0050327217781642,0,0.0071336411004674,False,False,6.919173646423948,6.915893525629828,0.0032801207941197,REJECTED,rejected: development improvement/consistency threshold not met,champ-5c4ebf8f035b
127,exp-0000127-34322090dc5d,2026-08-22T12:49:16+09:00,d00cd33771798e2fda3b,champ-5c4ebf8f035b,chal-34322090dc5d,"{""evolution_rate"": 0.7, ""frequency_profile"": ""default"", ""half_life_draws"": 1500, ""lr_c"": 0.5, ""markov_blend"": 0.65, ""random_state"": 42, ""top_k"": 20, ""transition_window"": 1000, ""tree_estimators"": 120, ""tree_min_leaf"": 8, ""validation_draws"": 1000, ""weight_temperature"": 0.01}",6.91314930508815,6.917508182348062,-0.0043588772599116,0,0.006277785360047,False,False,6.919173646423948,6.929782151127241,-0.0106085047032928,REJECTED,rejected: development improvement/consistency threshold not met,champ-5c4ebf8f035b
128,exp-0000128-9de52e24aba5,2026-08-22T12:49:26+09:00,d00cd33771798e2fda3b,champ-5c4ebf8f035b,chal-9de52e24aba5,"{""evolution_rate"": 0.7, ""frequency_profile"": ""recent"", ""half_life_draws"": 1500, ""lr_c"": 0.5, ""markov_blend"": 0.75, ""random_state"": 42, ""top_k"": 20, ""transition_window"": 1000, ""tree_estimators"": 240, ""tree_min_leaf"": 12, ""validation_draws"": 1000, ""weight_temperature"": 0.01}",6.91314930508815,6.919929613748896,-0.0067803086607458,1,0.0138931411221498,False,False,6.919173646423948,6.91765719185942,0.0015164545645278,REJECTED,rejected: development improvement/consistency threshold not met,champ-5c4ebf8f035b
129,exp-0000129-531406f4c411,2026-08-22T12:49:37+09:00,d00cd33771798e2fda3b,champ-5c4ebf8f035b,chal-531406f4c411,"{""evolution_rate"": 0.7, ""frequency_profile"": ""default"", ""half_life_draws"": 1500, ""lr_c"": 0.25, ""markov_blend"": 0.75, ""random_state"": 42, ""top_k"": 20, ""transition_window"": 1000, ""tree_estimators"": 240, ""tree_min_leaf"": 8, ""validation_draws"": 1000, ""weight_temperature"": 0.01}",6.91314930508815,6.913292318103436,-0.0001430130152861,2,0.0021345147730613,False,False,6.919173646423948,6.922514853996441,-0.0033412075724932,REJECTED,rejected: development improvement/consistency threshold not met,champ-5c4ebf8f035b
130,exp-0000130-41e77785ca04,2026-08-22T12:49:49+09:00,d00cd33771798e2fda3b,champ-5c4ebf8f035b,chal-41e77785ca04,"{""evolution_rate"": 0.55, ""frequency_profile"": ""default"", ""half_life_draws"": 1500, ""lr_c"": 0.5, ""markov_blend"": 0.65, ""random_state"": 42, ""top_k"": 20, ""transition_window"": 1000, ""tree_estimators"": 240, ""tree_min_leaf"": 8, ""validation_draws"": 1000, ""weight_temperature"": 0.04}",6.91314930508815,6.919367482576244,-0.006218177488094,1,0.0125549059451923,False,False,6.919173646423948,6.922221814678306,-0.0030481682543577,REJECTED,rejected: development improvement/consistency threshold not met,champ-5c4ebf8f035b
131,exp-0000131-a0bcf4923e65,2026-08-22T12:49:59+09:00,d00cd33771798e2fda3b,champ-5c4ebf8f035b,chal-a0bcf4923e65,"{""evolution_rate"": 0.7, ""frequency_profile"": ""recent"", ""half_life_draws"": 1500, ""lr_c"": 0.5, ""markov_blend"": 0.75, ""random_state"": 42, ""top_k"": 20, ""transition_window"": 300, ""tree_estimators"": 240, ""tree_min_leaf"": 8, ""validation_draws"": 1000, ""weight_temperature"": 0.01}",6.91314930508815,6.91668325891789,-0.0035339538297396,2,0.0123720691913336,False,False,6.919173646423948,6.92620719306418,-0.0070335466402315,REJECTED,rejected: development improvement/consistency threshold not met,champ-5c4ebf8f035b
132,exp-0000132-f245b8ad96c9,2026-08-22T12:50:10+09:00,d00cd33771798e2fda3b,champ-5c4ebf8f035b,chal-f245b8ad96c9,"{""evolution_rate"": 0.7, ""frequency_profile"": ""default"", ""half_life_draws"": 1500, ""lr_c"": 0.5, ""markov_blend"": 0.75, ""random_state"": 42, ""top_k"": 20, ""transition_window"": 1000, ""tree_estimators"": 240, ""tree_min_leaf"": 12, ""validation_draws"": 1000, ""weight_temperature"": 0.01}",6.91314930508815,6.918577670723503,-0.0054283656353533,1,0.0101994725510854,False,False,6.919173646423948,6.916926709216583,0.0022469372073645,REJECTED,rejected: development improvement/consistency threshold not met,champ-5c4ebf8f035b
133,exp-0000133-8e4f4d258190,2026-08-22T12:50:20+09:00,d00cd33771798e2fda3b,champ-5c4ebf8f035b,chal-8e4f4d258190,"{""evolution_rate"": 0.7, ""frequency_profile"": ""default"", ""half_life_draws"": 1500, ""lr_c"": 0.5, ""markov_blend"": 0.65, ""random_state"": 42, ""top_k"": 20, ""transition_window"": 500, ""tree_estimators"": 240, ""tree_min_leaf"": 12, ""validation_draws"": 1000, ""weight_temperature"": 0.04}",6.91314930508815,6.923899469666357,-0.0107501645782068,0,0.0181647787891741,False,False,6.919173646423948,6.917544289191953,0.0016293572319945,REJECTED,rejected: development improvement/consistency threshold not met,champ-5c4ebf8f035b
134,exp-0000134-8e70e682b81b,2026-08-22T12:50:30+09:00,d00cd33771798e2fda3b,champ-5c4ebf8f035b,chal-8e70e682b81b,"{""evolution_rate"": 0.7, ""frequency_profile"": ""default"", ""half_life_draws"": 1500, ""lr_c"": 1.0, ""markov_blend"": 0.65, ""random_state"": 42, ""top_k"": 20, ""transition_window"": 1000, ""tree_estimators"": 120, ""tree_min_leaf"": 8, ""validation_draws"": 1000, ""weight_temperature"": 0.01}",6.91314930508815,6.917508158827243,-0.0043588537390926,0,0.0062777861514682,False,False,6.919173646423948,6.92978212163195,-0.0106084752080022,REJECTED,rejected: development improvement/consistency threshold not met,champ-5c4ebf8f035b
135,exp-0000135-9c75a0406e23,2026-08-22T12:50:40+09:00,d00cd33771798e2fda3b,champ-5c4ebf8f035b,chal-9c75a0406e23,"{""evolution_rate"": 0.7, ""frequency_profile"": ""default"", ""half_life_draws"": 1500, ""lr_c"": 0.5, ""markov_blend"": 0.75, ""random_state"": 42, ""top_k"": 20, ""transition_window"": 1000, ""tree_estimators"": 120, ""tree_min_leaf"": 12, ""validation_draws"": 1000, ""weight_temperature"": 0.01}",6.91314930508815,6.920493997195638,-0.0073446921074875,0,0.0128111933605143,False,False,6.919173646423948,6.918883401781234,0.0002902446427137,REJECTED,rejected: development improvement/consistency threshold not met,champ-5c4ebf8f035b
136,exp-0000136-7b42f0339a3c,2026-08-22T12:50:51+09:00,d00cd33771798e2fda3b,champ-5c4ebf8f035b,chal-7b42f0339a3c,"{""evolution_rate"": 0.4, ""frequency_profile"": ""default"", ""half_life_draws"": 500, ""lr_c"": 0.5, ""markov_blend"": 0.65, ""random_state"": 42, ""top_k"": 20, ""transition_window"": 1000, ""tree_estimators"": 240, ""tree_min_leaf"": 12, ""validation_draws"": 1000, ""weight_temperature"": 0.01}",6.91314930508815,6.927429789368849,-0.0142804842806985,0,0.0192955334271225,False,False,6.919173646423948,6.929058706083433,-0.009885059659485,REJECTED,rejected: development improvement/consistency threshold not met,champ-5c4ebf8f035b
137,exp-0000137-5326d09ca6ad,2026-08-22T12:51:02+09:00,d00cd33771798e2fda3b,champ-5c4ebf8f035b,chal-5326d09ca6ad,"{""evolution_rate"": 0.7, ""frequency_profile"": ""default"", ""half_life_draws"": 2000, ""lr_c"": 0.5, ""markov_blend"": 0.65, ""random_state"": 42, ""top_k"": 20, ""transition_window"": 500, ""tree_estimators"": 240, ""tree_min_leaf"": 8, ""validation_draws"": 1000, ""weight_temperature"": 0.01}",6.91314930508815,6.925035858564331,-0.0118865534761809,0,0.0194730049504281,False,False,6.919173646423948,6.913037118242522,0.0061365281814262,REJECTED,rejected: development improvement/consistency threshold not met,champ-5c4ebf8f035b
138,exp-0000138-4064dab99922,2026-08-22T12:51:13+09:00,d00cd33771798e2fda3b,champ-5c4ebf8f035b,chal-4064dab99922,"{""evolution_rate"": 0.7, ""frequency_profile"": ""default"", ""half_life_draws"": 1500, ""lr_c"": 0.5, ""markov_blend"": 0.65, ""random_state"": 42, ""top_k"": 20, ""transition_window"": 2000, ""tree_estimators"": 320, ""tree_min_leaf"": 8, ""validation_draws"": 1000, ""weight_temperature"": 0.01}",6.91314930508815,6.913344136945542,-0.0001948318573923,1,0.0017332447286992,False,False,6.919173646423948,6.918146271146619,0.0010273752773288,REJECTED,rejected: development improvement/consistency threshold not met,champ-5c4ebf8f035b
139,exp-0000139-b7f02f6a077e,2026-08-22T12:51:23+09:00,d00cd33771798e2fda3b,champ-5c4ebf8f035b,chal-b7f02f6a077e,"{""evolution_rate"": 0.7, ""frequency_profile"": ""default"", ""half_life_draws"": 1500, ""lr_c"": 0.25, ""markov_blend"": 0.65, ""random_state"": 42, ""top_k"": 20, ""transition_window"": 1000, ""tree_estimators"": 240, ""tree_min_leaf"": 8, ""validation_draws"": 1000, ""weight_temperature"": 0.02}",6.91314930508815,6.91481118993147,-0.0016618848433198,1,0.0055575058540613,False,False,6.919173646423948,6.918904492012485,0.0002691544114625,REJECTED,rejected: development improvement/consistency threshold not met,champ-5c4ebf8f035b
140,exp-0000140-78caf98888b4,2026-08-22T12:51:32+09:00,d00cd33771798e2fda3b,champ-5c4ebf8f035b,chal-78caf98888b4,"{""evolution_rate"": 0.85, ""frequency_profile"": ""default"", ""half_life_draws"": 1500, ""lr_c"": 0.5, ""markov_blend"": 0.65, ""random_state"": 42, ""top_k"": 20, ""transition_window"": 1000, ""tree_estimators"": 180, ""tree_min_leaf"": 8, ""validation_draws"": 1000, ""weight_temperature"": 0.01}",6.91314930508815,6.915489448704835,-0.0023401436166849,0,0.0035436338003593,False,False,6.919173646423948,6.926859344410019,-0.0076856979860711,REJECTED,rejected: development improvement/consistency threshold not met,champ-5c4ebf8f035b
141,exp-0000141-b08a18a0d879,2026-08-22T12:51:43+09:00,d00cd33771798e2fda3b,champ-5c4ebf8f035b,chal-b08a18a0d879,"{""evolution_rate"": 0.7, ""frequency_profile"": ""default"", ""half_life_draws"": 1500, ""lr_c"": 0.25, ""markov_blend"": 0.65, ""random_state"": 42, ""top_k"": 20, ""transition_window"": 1000, ""tree_estimators"": 240, ""tree_min_leaf"": 8, ""validation_draws"": 1000, ""weight_temperature"": 0.08}",6.91314930508815,6.923654339434932,-0.0105050343467816,1,0.0192461339912277,False,False,6.919173646423948,6.928188415714302,-0.0090147692903537,REJECTED,rejected: development improvement/consistency threshold not met,champ-5c4ebf8f035b
142,exp-0000142-14b8e5dcfcb1,2026-08-22T12:51:54+09:00,d00cd33771798e2fda3b,champ-5c4ebf8f035b,chal-14b8e5dcfcb1,"{""evolution_rate"": 0.7, ""frequency_profile"": ""default"", ""half_life_draws"": 1500, ""lr_c"": 0.5, ""markov_blend"": 0.75, ""random_state"": 42, ""top_k"": 20, ""transition_window"": 300, ""tree_estimators"": 240, ""tree_min_leaf"": 12, ""validation_draws"": 1000, ""weight_temperature"": 0.01}",6.91314930508815,6.920042058444273,-0.0068927533561229,1,0.0167720536865658,False,False,6.919173646423948,6.918533685293971,0.0006399611299769,REJECTED,rejected: development improvement/consistency threshold not met,champ-5c4ebf8f035b
143,exp-0000143-0501652e27ed,2026-08-22T12:52:06+09:00,d00cd33771798e2fda3b,champ-5c4ebf8f035b,chal-0501652e27ed,"{""evolution_rate"": 0.7, ""frequency_profile"": ""balanced"", ""half_life_draws"": 1500, ""lr_c"": 0.5, ""markov_blend"": 0.45, ""random_state"": 42, ""top_k"": 20, ""transition_window"": 1000, ""tree_estimators"": 320, ""tree_min_leaf"": 8, ""validation_draws"": 1000, ""weight_temperature"": 0.01}",6.91314930508815,6.9139136785932,-0.0007643735050502,1,0.0049408265301922,False,False,6.919173646423948,6.916536387708191,0.0026372587157572,REJECTED,rejected: development improvement/consistency threshold not met,champ-5c4ebf8f035b
144,exp-0000144-6bec8426fbdc,2026-08-22T12:52:16+09:00,d00cd33771798e2fda3b,champ-5c4ebf8f035b,chal-6bec8426fbdc,"{""evolution_rate"": 0.55, ""frequency_profile"": ""default"", ""half_life_draws"": 2000, ""lr_c"": 0.5, ""markov_blend"": 0.65, ""random_state"": 42, ""top_k"": 20, ""transition_window"": 2000, ""tree_estimators"": 240, ""tree_min_leaf"": 8, ""validation_draws"": 1000, ""weight_temperature"": 0.01}",6.91314930508815,6.922682495998147,-0.0095331909099964,0,0.0167310696641278,False,False,6.919173646423948,6.9131672497630445,0.0060063966609034,REJECTED,rejected: development improvement/consistency threshold not met,champ-5c4ebf8f035b
145,exp-0000145-0f26bf2a7e9c,2026-08-22T12:52:26+09:00,d00cd33771798e2fda3b,champ-5c4ebf8f035b,chal-0f26bf2a7e9c,"{""evolution_rate"": 0.7, ""frequency_profile"": ""default"", ""half_life_draws"": 1500, ""lr_c"": 0.5, ""markov_blend"": 0.45, ""random_state"": 42, ""top_k"": 20, ""transition_window"": 1000, ""tree_estimators"": 240, ""tree_min_leaf"": 8, ""validation_draws"": 1000, ""weight_temperature"": 0.01}",6.91314930508815,6.912512010520523,0.0006372945676274,2,0.0006495519733205,False,False,6.919173646423948,6.9208305444147005,-0.0016568979907525,REJECTED,rejected: development improvement/consistency threshold not met,champ-5c4ebf8f035b
146,exp-0000146-2c222f141d1b,2026-08-22T12:52:38+09:00,d00cd33771798e2fda3b,champ-5c4ebf8f035b,chal-2c222f141d1b,"{""evolution_rate"": 0.7, ""frequency_profile"": ""default"", ""half_life_draws"": 1500, ""lr_c"": 0.25, ""markov_blend"": 0.55, ""random_state"": 42, ""top_k"": 20, ""transition_window"": 1000, ""tree_estimators"": 240, ""tree_min_leaf"": 8, ""validation_draws"": 1000, ""weight_temperature"": 0.01}",6.91314930508815,6.912599218590297,0.0005500864978529,2,0.0003799705492699,False,False,6.919173646423948,6.92108271147923,-0.0019090650552824,REJECTED,rejected: development improvement/consistency threshold not met,champ-5c4ebf8f035b
147,exp-0000147-1e44382b8a5e,2026-08-22T12:52:50+09:00,d00cd33771798e2fda3b,champ-5c4ebf8f035b,chal-1e44382b8a5e,"{""evolution_rate"": 0.7, ""frequency_profile"": ""medium"", ""half_life_draws"": 1500, ""lr_c"": 0.5, ""markov_blend"": 0.75, ""random_state"": 42, ""top_k"": 20, ""transition_window"": 300, ""tree_estimators"": 240, ""tree_min_leaf"": 8, ""validation_draws"": 1000, ""weight_temperature"": 0.01}",6.91314930508815,6.914343293969335,-0.0011939888811847,1,0.0045500817265438,False,False,6.919173646423948,6.923549252979405,-0.0043756065554569,REJECTED,rejected: development improvement/consistency threshold not met,champ-5c4ebf8f035b
148,exp-0000148-5a80d01a8cec,2026-08-22T12:53:01+09:00,d00cd33771798e2fda3b,champ-5c4ebf8f035b,chal-5a80d01a8cec,"{""evolution_rate"": 0.7, ""frequency_profile"": ""medium"", ""half_life_draws"": 1500, ""lr_c"": 0.5, ""markov_blend"": 0.65, ""random_state"": 42, ""top_k"": 20, ""transition_window"": 1000, ""tree_estimators"": 240, ""tree_min_leaf"": 8, ""validation_draws"": 1000, ""weight_temperature"": 0.01}",6.91314930508815,6.913506058164207,-0.0003567530760566,2,0.0028946854931168,False,False,6.919173646423948,6.921230374185789,-0.0020567277618406,REJECTED,rejected: development improvement/consistency threshold not met,champ-5c4ebf8f035b
149,exp-0000149-61e99b0d85db,2026-08-22T12:53:11+09:00,d00cd33771798e2fda3b,champ-5c4ebf8f035b,chal-61e99b0d85db,"{""evolution_rate"": 0.7, ""frequency_profile"": ""medium"", ""half_life_draws"": 1500, ""lr_c"": 0.5, ""markov_blend"": 0.65, ""random_state"": 42, ""top_k"": 20, ""transition_window"": 500, ""tree_estimators"": 240, ""tree_min_leaf"": 8, ""validation_draws"": 1000, ""weight_temperature"": 0.01}",6.91314930508815,6.913741884866796,-0.0005925797786456,1,0.00291065522884,False,False,6.919173646423948,6.921759846206597,-0.002586199782649,REJECTED,rejected: development improvement/consistency threshold not met,champ-5c4ebf8f035b
150,exp-0000150-3f3247ca590d,2026-08-22T12:53:23+09:00,d00cd33771798e2fda3b,champ-5c4ebf8f035b,chal-3f3247ca590d,"{""evolution_rate"": 0.7, ""frequency_profile"": ""medium"", ""half_life_draws"": 1500, ""lr_c"": 0.25, ""markov_blend"": 0.65, ""random_state"": 42, ""top_k"": 20, ""transition_window"": 1000, ""tree_estimators"": 240, ""tree_min_leaf"": 8, ""validation_draws"": 1000, ""weight_temperature"": 0.01}",6.91314930508815,6.913506482987258,-0.000357177899108,2,0.0028946958836959,False,False,6.919173646423948,6.921230902184703,-0.0020572557607554,REJECTED,rejected: development improvement/consistency threshold not met,champ-5c4ebf8f035b
151,exp-0000151-9a07c034d2fc,2026-08-22T12:53:34+09:00,d00cd33771798e2fda3b,champ-5c4ebf8f035b,chal-9a07c034d2fc,"{""evolution_rate"": 0.7, ""frequency_profile"": ""balanced"", ""half_life_draws"": 3000, ""lr_c"": 0.5, ""markov_blend"": 0.65, ""random_state"": 42, ""top_k"": 20, ""transition_window"": 1000, ""tree_estimators"": 240, ""tree_min_leaf"": 4, ""validation_draws"": 1000, ""weight_temperature"": 0.01}",6.91314930508815,6.922082677821341,-0.0089333727331908,0,0.0179065788991694,False,False,6.919173646423948,6.924484699594299,-0.0053110531703506,REJECTED,rejected: development improvement/consistency threshold not met,champ-5c4ebf8f035b
152,exp-0000152-7e075958f280,2026-08-22T12:53:44+09:00,d00cd33771798e2fda3b,champ-5c4ebf8f035b,chal-7e075958f280,"{""evolution_rate"": 0.7, ""frequency_profile"": ""default"", ""half_life_draws"": 1500, ""lr_c"": 0.5, ""markov_blend"": 0.75, ""random_state"": 42, ""top_k"": 20, ""transition_window"": 1000, ""tree_estimators"": 240, ""tree_min_leaf"": 12, ""validation_draws"": 1000, ""weight_temperature"": 0.04}",6.91314930508815,6.923104810223857,-0.0099555051357071,0,0.0164446508024598,False,False,6.919173646423948,6.919740316011863,-0.0005666695879149,REJECTED,rejected: development improvement/consistency threshold not met,champ-5c4ebf8f035b
153,exp-0000153-d6c358414d73,2026-08-22T12:53:55+09:00,d00cd33771798e2fda3b,champ-5c4ebf8f035b,chal-d6c358414d73,"{""evolution_rate"": 0.85, ""frequency_profile"": ""medium"", ""half_life_draws"": 1500, ""lr_c"": 0.5, ""markov_blend"": 0.65, ""random_state"": 42, ""top_k"": 20, ""transition_window"": 1000, ""tree_estimators"": 240, ""tree_min_leaf"": 12, ""validation_draws"": 1000, ""weight_temperature"": 0.01}",6.91314930508815,6.91890258399658,-0.00575327890843,1,0.0116448186368405,False,False,6.919173646423948,6.916828738036182,0.0023449083877657,REJECTED,rejected: development improvement/consistency threshold not met,champ-5c4ebf8f035b
154,exp-0000154-c1560f3c6022,2026-08-22T12:54:06+09:00,d00cd33771798e2fda3b,champ-5c4ebf8f035b,chal-c1560f3c6022,"{""evolution_rate"": 0.7, ""frequency_profile"": ""default"", ""half_life_draws"": 2000, ""lr_c"": 0.5, ""markov_blend"": 0.65, ""random_state"": 42, ""top_k"": 20, ""transition_window"": 1000, ""tree_estimators"": 240, ""tree_min_leaf"": 8, ""validation_draws"": 1000, ""weight_temperature"": 0.01}",6.91314930508815,6.923691436093474,-0.0105421310053239,0,0.0195283827738323,False,False,6.919173646423948,6.9127332963400345,0.0064403500839134,REJECTED,rejected: development improvement/consistency threshold not met,champ-5c4ebf8f035b
155,exp-0000155-7879c50bb51f,2026-08-22T12:54:17+09:00,d00cd33771798e2fda3b,champ-5c4ebf8f035b,chal-7879c50bb51f,"{""evolution_rate"": 0.7, ""frequency_profile"": ""default"", ""half_life_draws"": 2000, ""lr_c"": 0.5, ""markov_blend"": 0.75, ""random_state"": 42, ""top_k"": 20, ""transition_window"": 1000, ""tree_estimators"": 240, ""tree_min_leaf"": 8, ""validation_draws"": 1000, ""weight_temperature"": 0.01}",6.91314930508815,6.924400887406841,-0.0112515823186907,0,0.0200092059035332,False,False,6.919173646423948,6.913259407374599,0.0059142390493489,REJECTED,rejected: development improvement/consistency threshold not met,champ-5c4ebf8f035b
156,exp-0000156-eaec4bb7ea2d,2026-08-22T12:54:26+09:00,d00cd33771798e2fda3b,champ-5c4ebf8f035b,chal-eaec4bb7ea2d,"{""evolution_rate"": 0.7, ""frequency_profile"": ""default"", ""half_life_draws"": 750, ""lr_c"": 0.5, ""markov_blend"": 0.65, ""random_state"": 42, ""top_k"": 20, ""transition_window"": 1000, ""tree_estimators"": 120, ""tree_min_leaf"": 20, ""validation_draws"": 1000, ""weight_temperature"": 0.08}",6.91314930508815,6.92956060925894,-0.0164113041707896,0,0.0281828172856482,False,False,6.919173646423948,6.928035307611395,-0.0088616611874474,REJECTED,rejected: development improvement/consistency threshold not met,champ-5c4ebf8f035b
157,exp-0000157-e5c929cd2921,2026-08-22T12:54:35+09:00,d00cd33771798e2fda3b,champ-5c4ebf8f035b,chal-e5c929cd2921,"{""evolution_rate"": 0.7, ""frequency_profile"": ""medium"", ""half_life_draws"": 750, ""lr_c"": 0.5, ""markov_blend"": 0.65, ""random_state"": 42, ""top_k"": 20, ""transition_window"": 1000, ""tree_estimators"": 180, ""tree_min_leaf"": 8, ""validation_draws"": 1000, ""weight_temperature"": 0.01}",6.91314930508815,6.92413852521666,-0.0109892201285095,0,0.0175557629012379,False,False,6.919173646423948,6.933782299968852,-0.0146086535449043,REJECTED,rejected: development improvement/consistency threshold not met,champ-5c4ebf8f035b
158,exp-0000158-9341c2916a83,2026-08-22T12:54:47+09:00,d00cd33771798e2fda3b,champ-5c4ebf8f035b,chal-9341c2916a83,"{""evolution_rate"": 0.7, ""frequency_profile"": ""default"", ""half_life_draws"": 1500, ""lr_c"": 0.5, ""markov_blend"": 0.75, ""random_state"": 42, ""top_k"": 20, ""transition_window"": 1000, ""tree_estimators"": 240, ""tree_min_leaf"": 8, ""validation_draws"": 1000, ""weight_temperature"": 0.02}",6.91314930508815,6.914210180555713,-0.0010608754675631,1,0.0044304055045927,False,False,6.919173646423948,6.918699002233704,0.0004746441902439,REJECTED,rejected: development improvement/consistency threshold not met,champ-5c4ebf8f035b
159,exp-0000159-979cb607d8bb,2026-08-22T12:54:58+09:00,d00cd33771798e2fda3b,champ-5c4ebf8f035b,chal-979cb607d8bb,"{""evolution_rate"": 0.7, ""frequency_profile"": ""default"", ""half_life_draws"": 1500, ""lr_c"": 0.5, ""markov_blend"": 0.75, ""random_state"": 42, ""top_k"": 20, ""transition_window"": 2000, ""tree_estimators"": 240, ""tree_min_leaf"": 8, ""validation_draws"": 1000, ""weight_temperature"": 0.01}",6.91314930508815,6.913312225865549,-0.0001629207773987,1,0.0007319000546717,False,False,6.919173646423948,6.921015127380636,-0.0018414809566884,REJECTED,rejected: development improvement/consistency threshold not met,champ-5c4ebf8f035b
160,exp-0000160-50e9de57a470,2026-08-22T12:55:06+09:00,d00cd33771798e2fda3b,champ-5c4ebf8f035b,chal-50e9de57a470,"{""evolution_rate"": 0.7, ""frequency_profile"": ""medium"", ""half_life_draws"": 1500, ""lr_c"": 0.1, ""markov_blend"": 0.65, ""random_state"": 42, ""top_k"": 20, ""transition_window"": 1000, ""tree_estimators"": 240, ""tree_min_leaf"": 8, ""validation_draws"": 1000, ""weight_temperature"": 0.01}",6.91314930508815,6.913542948033506,-0.0003936429453563,2,0.0028954652834007,False,False,6.919173646423948,6.921276181448238,-0.0021025350242904,REJECTED,rejected: development improvement/consistency threshold not met,champ-5c4ebf8f035b
161,exp-0000161-1aa3befa2d8c,2026-08-22T12:55:16+09:00,d00cd33771798e2fda3b,champ-5c4ebf8f035b,chal-1aa3befa2d8c,"{""evolution_rate"": 0.7, ""frequency_profile"": ""default"", ""half_life_draws"": 1500, ""lr_c"": 0.5, ""markov_blend"": 0.65, ""random_state"": 42, ""top_k"": 20, ""transition_window"": 1000, ""tree_estimators"": 120, ""tree_min_leaf"": 8, ""validation_draws"": 1000, ""weight_temperature"": 0.02}",6.91314930508815,6.91836833958306,-0.0052190344949103,1,0.0101964822469122,False,False,6.919173646423948,6.924193184853339,-0.0050195384293907,REJECTED,rejected: development improvement/consistency threshold not met,champ-5c4ebf8f035b
162,exp-0000162-755a54ce829c,2026-08-22T12:55:26+09:00,d00cd33771798e2fda3b,champ-5c4ebf8f035b,chal-755a54ce829c,"{""evolution_rate"": 0.7, ""frequency_profile"": ""default"", ""half_life_draws"": 2000, ""lr_c"": 0.5, ""markov_blend"": 0.65, ""random_state"": 42, ""top_k"": 20, ""transition_window"": 2000, ""tree_estimators"": 240, ""tree_min_leaf"": 8, ""validation_draws"": 1000, ""weight_temperature"": 0.01}",6.91314930508815,6.922919164550543,-0.0097698594623931,0,0.0169537511987627,False,False,6.919173646423948,6.913177675160661,0.0059959712632871,REJECTED,rejected: development improvement/consistency threshold not met,champ-5c4ebf8f035b
163,exp-0000163-8c27ebccd79a,2026-08-22T12:55:36+09:00,d00cd33771798e2fda3b,champ-5c4ebf8f035b,chal-8c27ebccd79a,"{""evolution_rate"": 0.55, ""frequency_profile"": ""default"", ""half_life_draws"": 1500, ""lr_c"": 0.5, ""markov_blend"": 0.45, ""random_state"": 42, ""top_k"": 20, ""transition_window"": 1000, ""tree_estimators"": 240, ""tree_min_leaf"": 8, ""validation_draws"": 1000, ""weight_temperature"": 0.02}",6.91314930508815,6.916279305822694,-0.0031300007345436,1,0.0069254556840352,False,False,6.919173646423948,6.919920504670974,-0.0007468582470258,REJECTED,rejected: development improvement/consistency threshold not met,champ-5c4ebf8f035b
164,exp-0000164-0119b02b4a5b,2026-08-22T12:55:47+09:00,d00cd33771798e2fda3b,champ-5c4ebf8f035b,chal-0119b02b4a5b,"{""evolution_rate"": 0.85, ""frequency_profile"": ""default"", ""half_life_draws"": 1500, ""lr_c"": 0.5, ""markov_blend"": 0.65, ""random_state"": 42, ""top_k"": 20, ""transition_window"": 1000, ""tree_estimators"": 320, ""tree_min_leaf"": 8, ""validation_draws"": 1000, ""weight_temperature"": 0.08}",6.91314930508815,6.922967277085142,-0.0098179719969921,1,0.0179482300841824,False,False,6.919173646423948,6.926122202660449,-0.0069485562365008,REJECTED,rejected: development improvement/consistency threshold not met,champ-5c4ebf8f035b
165,exp-0000165-5fa966e5ac08,2026-08-22T12:55:58+09:00,d00cd33771798e2fda3b,champ-5c4ebf8f035b,chal-5fa966e5ac08,"{""evolution_rate"": 0.7, ""frequency_profile"": ""default"", ""half_life_draws"": 1500, ""lr_c"": 0.5, ""markov_blend"": 0.75, ""random_state"": 42, ""top_k"": 20, ""transition_window"": 1000, ""tree_estimators"": 240, ""tree_min_leaf"": 4, ""validation_draws"": 1000, ""weight_temperature"": 0.01}",6.91314930508815,6.922503133996528,-0.0093538289083783,0,0.0173074828584436,False,False,6.919173646423948,6.926676332776071,-0.0075026863521232,REJECTED,rejected: development improvement/consistency threshold not met,champ-5c4ebf8f035b
166,exp-0000166-eac184622e52,2026-08-22T12:56:08+09:00,d00cd33771798e2fda3b,champ-5c4ebf8f035b,chal-eac184622e52,"{""evolution_rate"": 0.7, ""frequency_profile"": ""default"", ""half_life_draws"": 1500, ""lr_c"": 0.5, ""markov_blend"": 0.65, ""random_state"": 42, ""top_k"": 20, ""transition_window"": 300, ""tree_estimators"": 240, ""tree_min_leaf"": 8, ""validation_draws"": 1000, ""weight_temperature"": 0.01}",6.91314930508815,6.914412353286557,-0.0012630481984068,2,0.0068513443630333,False,False,6.919173646423948,6.92410122858156,-0.0049275821576122,REJECTED,rejected: development improvement/consistency threshold not met,champ-5c4ebf8f035b
167,exp-0000167-fed5e153f511,2026-08-22T12:56:18+09:00,d00cd33771798e2fda3b,champ-5c4ebf8f035b,chal-fed5e153f511,"{""evolution_rate"": 0.4, ""frequency_profile"": ""default"", ""half_life_draws"": 3000, ""lr_c"": 0.1, ""markov_blend"": 0.65, ""random_state"": 42, ""top_k"": 20, ""transition_window"": 1000, ""tree_estimators"": 240, ""tree_min_leaf"": 8, ""validation_draws"": 1000, ""weight_temperature"": 0.01}",6.91314930508815,6.917050106160112,-0.0039008010719623,1,0.0090691273549197,False,False,6.919173646423948,6.919968173907806,-0.0007945274838583,REJECTED,rejected: development improvement/consistency threshold not met,champ-5c4ebf8f035b
168,exp-0000168-a79ee7eb95bf,2026-08-22T12:56:29+09:00,d00cd33771798e2fda3b,champ-5c4ebf8f035b,chal-a79ee7eb95bf,"{""evolution_rate"": 0.55, ""frequency_profile"": ""default"", ""half_life_draws"": 1500, ""lr_c"": 0.25, ""markov_blend"": 0.65, ""random_state"": 42, ""top_k"": 20, ""transition_window"": 1000, ""tree_estimators"": 240, ""tree_min_leaf"": 8, ""validation_draws"": 1000, ""weight_temperature"": 0.01}",6.91314930508815,6.912947852584812,0.0002014525033384,3,0.0,False,False,6.919173646423948,6.921238449616827,-0.0020648031928791,REJECTED,rejected: development improvement/consistency threshold not met,champ-5c4ebf8f035b
169,exp-0000169-eb62abd7d9a7,2026-08-22T12:56:42+09:00,d00cd33771798e2fda3b,champ-5c4ebf8f035b,chal-eb62abd7d9a7,"{""evolution_rate"": 0.7, ""frequency_profile"": ""default"", ""half_life_draws"": 1500, ""lr_c"": 1.0, ""markov_blend"": 0.65, ""random_state"": 42, ""top_k"": 20, ""transition_window"": 1000, ""tree_estimators"": 180, ""tree_min_leaf"": 8, ""validation_draws"": 1000, ""weight_temperature"": 0.01}",6.91314930508815,6.915516930692131,-0.0023676256039806,0,0.0035436082639215,False,False,6.919173646423948,6.9264806852920495,-0.0073070388681015,REJECTED,rejected: development improvement/consistency threshold not met,champ-5c4ebf8f035b
170,exp-0000170-d19489bd9e07,2026-08-22T12:56:51+09:00,d00cd33771798e2fda3b,champ-5c4ebf8f035b,chal-d19489bd9e07,"{""evolution_rate"": 0.7, ""frequency_profile"": ""default"", ""half_life_draws"": 1500, ""lr_c"": 0.25, ""markov_blend"": 0.65, ""random_state"": 42, ""top_k"": 20, ""transition_window"": 500, ""tree_estimators"": 240, ""tree_min_leaf"": 8, ""validation_draws"": 1000, ""weight_temperature"": 0.01}",6.91314930508815,6.913626458697249,-0.0004771536090988,2,0.0052978096177342,False,False,6.919173646423948,6.922599644259282,-0.0034259978353343,REJECTED,rejected: development improvement/consistency threshold not met,champ-5c4ebf8f035b
171,exp-0000171-0bf4736583ce,2026-08-22T12:57:00+09:00,d00cd33771798e2fda3b,champ-5c4ebf8f035b,chal-0bf4736583ce,"{""evolution_rate"": 0.7, ""frequency_profile"": ""default"", ""half_life_draws"": 1500, ""lr_c"": 0.5, ""markov_blend"": 0.65, ""random_state"": 42, ""top_k"": 20, ""transition_window"": 300, ""tree_estimators"": 240, ""tree_min_leaf"": 12, ""validation_draws"": 1000, ""weight_temperature"": 0.01}",6.91314930508815,6.919937405536838,-0.0067881004486878,1,0.0159142223878783,False,False,6.919173646423948,6.918070155698416,0.0011034907255318,REJECTED,rejected: development improvement/consistency threshold not met,champ-5c4ebf8f035b
172,exp-0000172-d3326c963148,2026-08-22T12:57:12+09:00,d00cd33771798e2fda3b,champ-5c4ebf8f035b,chal-d3326c963148,"{""evolution_rate"": 0.7, ""frequency_profile"": ""default"", ""half_life_draws"": 750, ""lr_c"": 1.0, ""markov_blend"": 0.65, ""random_state"": 42, ""top_k"": 20, ""transition_window"": 1000, ""tree_estimators"": 240, ""tree_min_leaf"": 8, ""validation_draws"": 1000, ""weight_temperature"": 0.01}",6.91314930508815,6.92456872273934,-0.0114194176511901,0,0.0204372918611683,False,False,6.919173646423948,6.932014847386005,-0.0128412009620566,REJECTED,rejected: development improvement/consistency threshold not met,champ-5c4ebf8f035b
173,exp-0000173-fca5cfe4053d,2026-08-22T12:57:23+09:00,d00cd33771798e2fda3b,champ-5c4ebf8f035b,chal-fca5cfe4053d,"{""evolution_rate"": 0.7, ""frequency_profile"": ""default"", ""half_life_draws"": 1500, ""lr_c"": 0.5, ""markov_blend"": 0.55, ""random_state"": 42, ""top_k"": 20, ""transition_window"": 1000, ""tree_estimators"": 180, ""tree_min_leaf"": 8, ""validation_draws"": 1000, ""weight_temperature"": 0.01}",6.91314930508815,6.915099820650373,-0.001950515562223,0,0.002900184192593,False,False,6.919173646423948,6.925691916860343,-0.0065182704363948,REJECTED,rejected: development improvement/consistency threshold not met,champ-5c4ebf8f035b
174,exp-0000174-46da4cf69a3a,2026-08-22T12:57:33+09:00,d00cd33771798e2fda3b,champ-5c4ebf8f035b,chal-46da4cf69a3a,"{""evolution_rate"": 0.7, ""frequency_profile"": ""default"", ""half_life_draws"": 1500, ""lr_c"": 0.5, ""markov_blend"": 0.65, ""random_state"": 42, ""top_k"": 20, ""transition_window"": 1000, ""tree_estimators"": 240, ""tree_min_leaf"": 8, ""validation_draws"": 1000, ""weight_temperature"": 0.04}",6.91314930508815,6.919179501292002,-0.0060301962038522,1,0.0120717558480238,False,False,6.919173646423948,6.922032773952677,-0.0028591275287288,REJECTED,rejected: development improvement/consistency threshold not met,champ-5c4ebf8f035b
175,exp-0000175-ea261a66b7bc,2026-08-22T12:57:46+09:00,d00cd33771798e2fda3b,champ-5c4ebf8f035b,chal-ea261a66b7bc,"{""evolution_rate"": 0.7, ""frequency_profile"": ""default"", ""half_life_draws"": 2000, ""lr_c"": 0.5, ""markov_blend"": 0.65, ""random_state"": 42, ""top_k"": 20, ""transition_window"": 1000, ""tree_estimators"": 320, ""tree_min_leaf"": 8, ""validation_draws"": 1000, ""weight_temperature"": 0.01}",6.91314930508815,6.920602168288721,-0.007452863200571258,1,0.018628236701005996,False,False,6.919173646423948,6.917232884368881,0.0019407620550673244,REJECTED,rejected: development improvement/consistency threshold not met,champ-5c4ebf8f035b
